estimator,runtime_sec,ate_hat,ate_bias,ate_stderr,ate_coverage,cate_rmse,cate_bias_abs_mean,cate_ci_width_mean,cate_coverage,rep,n,error
CausalForest_min5_trees500,8.95,0.041,-0.013,0.009,1,0.041,0.03,0.136,0.896,33,4098,
CausalForest_min5_trees1000,12.207,0.043,-0.011,0.009,1,0.04,0.03,0.124,0.868,33,4098,
CausalForest_min5_trees2000,24.296,0.043,-0.011,0.009,1,0.041,0.03,0.119,0.848,33,4098,
CausalForest_min5_trees4000,50.662,0.043,-0.011,0.009,1,0.04,0.03,0.115,0.851,33,4098,
CausalForest_min10_trees500,8.696,0.041,-0.013,0.009,1,0.035,0.027,0.102,0.848,33,4098,
CausalForest_min10_trees1000,11.632,0.042,-0.011,0.009,1,0.034,0.026,0.095,0.824,33,4098,
CausalForest_min10_trees2000,22.36,0.042,-0.011,0.009,1,0.034,0.026,0.094,0.824,33,4098,
CausalForest_min10_trees4000,45.646,0.043,-0.011,0.009,1,0.033,0.026,0.094,0.829,33,4098,
CausalForest_min20_trees500,9.222,0.041,-0.013,0.009,1,0.03,0.024,0.078,0.785,33,4098,
CausalForest_min20_trees1000,11.419,0.042,-0.011,0.009,1,0.029,0.023,0.075,0.789,33,4098,
CausalForest_min20_trees2000,20.782,0.042,-0.011,0.009,1,0.029,0.023,0.078,0.809,33,4098,
CausalForest_min20_trees4000,42.162,0.043,-0.011,0.009,1,0.029,0.022,0.078,0.816,33,4098,
CausalForest_min40_trees500,8.134,0.041,-0.013,0.009,1,0.028,0.022,0.068,0.77,33,4098,
CausalForest_min40_trees1000,11.39,0.042,-0.011,0.009,1,0.026,0.021,0.065,0.775,33,4098,
CausalForest_min40_trees2000,18.337,0.042,-0.012,0.009,1,0.026,0.02,0.066,0.794,33,4098,
CausalForest_min40_trees4000,36.966,0.043,-0.011,0.009,1,0.026,0.02,0.068,0.823,33,4098,
CausalForest_min80_trees500,6.573,0.041,-0.013,0.009,1,0.026,0.02,0.055,0.732,33,4098,
CausalForest_min80_trees1000,11.11,0.042,-0.012,0.009,1,0.025,0.019,0.055,0.753,33,4098,
CausalForest_min80_trees2000,18.157,0.042,-0.012,0.009,1,0.025,0.019,0.054,0.751,33,4098,
CausalForest_min80_trees4000,34.893,0.043,-0.011,0.009,1,0.025,0.019,0.053,0.748,33,4098,
CausalForest_min5_trees500,9.261,0.036,-0.018,0.009,0,0.036,0.027,0.129,0.9,9,4098,
CausalForest_min5_trees1000,12.178,0.036,-0.017,0.009,0,0.036,0.027,0.12,0.878,9,4098,
CausalForest_min5_trees2000,25.642,0.037,-0.017,0.009,0,0.036,0.027,0.112,0.857,9,4098,
CausalForest_min5_trees4000,51.013,0.037,-0.017,0.009,0,0.035,0.027,0.11,0.858,9,4098,
CausalForest_min10_trees500,7.456,0.036,-0.018,0.009,0,0.031,0.024,0.101,0.872,9,4098,
CausalForest_min10_trees1000,11.682,0.036,-0.017,0.009,0,0.03,0.023,0.092,0.845,9,4098,
CausalForest_min10_trees2000,22.627,0.037,-0.017,0.009,0,0.03,0.024,0.09,0.836,9,4098,
CausalForest_min10_trees4000,47.656,0.037,-0.017,0.009,0,0.031,0.024,0.086,0.817,9,4098,
CausalForest_min20_trees500,7.775,0.036,-0.018,0.009,0,0.028,0.022,0.074,0.799,9,4098,
CausalForest_min20_trees1000,10.948,0.036,-0.017,0.009,0,0.028,0.022,0.068,0.764,9,4098,
CausalForest_min20_trees2000,21.544,0.037,-0.017,0.009,0,0.028,0.022,0.068,0.771,9,4098,
CausalForest_min20_trees4000,43.123,0.037,-0.017,0.009,0,0.028,0.022,0.07,0.781,9,4098,
CausalForest_min40_trees500,7.627,0.036,-0.018,0.009,0,0.027,0.021,0.06,0.732,9,4098,
CausalForest_min40_trees1000,10.399,0.036,-0.017,0.009,0,0.026,0.021,0.06,0.739,9,4098,
CausalForest_min40_trees2000,19.019,0.037,-0.017,0.009,0,0.027,0.021,0.059,0.736,9,4098,
CausalForest_min40_trees4000,39.025,0.037,-0.017,0.009,0,0.027,0.021,0.06,0.744,9,4098,
CausalForest_min80_trees500,7.051,0.036,-0.018,0.009,0,0.027,0.02,0.056,0.73,9,4098,
CausalForest_min80_trees1000,9.016,0.036,-0.018,0.009,0,0.026,0.02,0.054,0.731,9,4098,
CausalForest_min80_trees2000,17.876,0.037,-0.017,0.009,0,0.027,0.02,0.053,0.721,9,4098,
CausalForest_min80_trees4000,36.016,0.037,-0.017,0.009,0,0.027,0.02,0.051,0.702,9,4098,
CausalForest_min5_trees500,7.971,0.047,-0.007,0.009,1,0.037,0.029,0.137,0.904,49,4098,
CausalForest_min5_trees1000,12.729,0.047,-0.007,0.009,1,0.036,0.028,0.128,0.902,49,4098,
CausalForest_min5_trees2000,24.917,0.047,-0.006,0.009,1,0.036,0.028,0.121,0.873,49,4098,
CausalForest_min5_trees4000,50.632,0.048,-0.006,0.009,1,0.035,0.028,0.118,0.869,49,4098,
CausalForest_min10_trees500,6.652,0.047,-0.007,0.009,1,0.029,0.023,0.104,0.881,49,4098,
CausalForest_min10_trees1000,11.945,0.047,-0.007,0.009,1,0.029,0.023,0.098,0.863,49,4098,
CausalForest_min10_trees2000,23.119,0.047,-0.006,0.009,1,0.028,0.022,0.092,0.854,49,4098,
CausalForest_min10_trees4000,46.417,0.048,-0.006,0.009,1,0.028,0.022,0.091,0.853,49,4098,
CausalForest_min20_trees500,6.335,0.047,-0.007,0.009,1,0.024,0.019,0.078,0.853,49,4098,
CausalForest_min20_trees1000,11.538,0.047,-0.007,0.009,1,0.024,0.018,0.075,0.85,49,4098,
CausalForest_min20_trees2000,21.459,0.047,-0.006,0.009,1,0.024,0.019,0.072,0.837,49,4098,
CausalForest_min20_trees4000,42.894,0.048,-0.006,0.009,1,0.024,0.018,0.072,0.841,49,4098,
CausalForest_min40_trees500,5.885,0.047,-0.007,0.009,1,0.023,0.017,0.062,0.824,49,4098,
CausalForest_min40_trees1000,10.227,0.047,-0.007,0.009,1,0.022,0.017,0.06,0.815,49,4098,
CausalForest_min40_trees2000,19.486,0.047,-0.006,0.009,1,0.022,0.017,0.06,0.814,49,4098,
CausalForest_min40_trees4000,38.196,0.048,-0.006,0.009,1,0.022,0.017,0.059,0.814,49,4098,
CausalForest_min80_trees500,5.333,0.047,-0.007,0.009,1,0.022,0.016,0.044,0.718,49,4098,
CausalForest_min80_trees1000,9.118,0.047,-0.007,0.009,1,0.022,0.016,0.045,0.737,49,4098,
CausalForest_min80_trees2000,16.888,0.047,-0.006,0.009,1,0.022,0.016,0.049,0.773,49,4098,
CausalForest_min80_trees4000,36.388,0.048,-0.006,0.009,1,0.022,0.016,0.047,0.763,49,4098,
CausalForest_min5_trees500,9.33,0.061,0.008,0.009,1,0.033,0.027,0.136,0.928,17,4098,
CausalForest_min5_trees1000,12.868,0.062,0.008,0.009,1,0.034,0.027,0.126,0.899,17,4098,
CausalForest_min5_trees2000,25.545,0.061,0.007,0.009,1,0.033,0.027,0.116,0.881,17,4098,
CausalForest_min5_trees4000,51.024,0.061,0.007,0.009,1,0.033,0.027,0.111,0.874,17,4098,
CausalForest_min10_trees500,7.373,0.061,0.007,0.009,1,0.028,0.023,0.1,0.895,17,4098,
CausalForest_min10_trees1000,11.994,0.062,0.008,0.009,1,0.029,0.023,0.096,0.877,17,4098,
CausalForest_min10_trees2000,23.39,0.061,0.007,0.009,1,0.028,0.023,0.092,0.873,17,4098,
CausalForest_min10_trees4000,48.779,0.061,0.007,0.009,1,0.029,0.023,0.09,0.864,17,4098,
CausalForest_min20_trees500,7.418,0.061,0.007,0.009,1,0.025,0.02,0.077,0.854,17,4098,
CausalForest_min20_trees1000,11.603,0.062,0.008,0.009,1,0.026,0.021,0.074,0.835,17,4098,
CausalForest_min20_trees2000,21.357,0.061,0.007,0.009,1,0.025,0.02,0.075,0.852,17,4098,
CausalForest_min20_trees4000,44.685,0.061,0.007,0.009,1,0.025,0.02,0.075,0.844,17,4098,
CausalForest_min40_trees500,6.774,0.061,0.007,0.009,1,0.023,0.018,0.066,0.841,17,4098,
CausalForest_min40_trees1000,10.806,0.061,0.008,0.009,1,0.023,0.019,0.066,0.837,17,4098,
CausalForest_min40_trees2000,18.97,0.061,0.007,0.009,1,0.023,0.018,0.068,0.858,17,4098,
CausalForest_min40_trees4000,39.323,0.061,0.007,0.009,1,0.023,0.018,0.067,0.846,17,4098,
CausalForest_min80_trees500,6.462,0.061,0.007,0.009,1,0.021,0.017,0.055,0.802,17,4098,
CausalForest_min80_trees1000,9.438,0.061,0.008,0.009,1,0.022,0.018,0.053,0.774,17,4098,
CausalForest_min80_trees2000,18.245,0.061,0.007,0.009,1,0.022,0.017,0.055,0.803,17,4098,
CausalForest_min80_trees4000,35.478,0.061,0.007,0.009,1,0.022,0.017,0.057,0.821,17,4098,
CausalForest_min5_trees500,8.777,0.061,0.007,0.009,1,0.033,0.026,0.133,0.932,35,4098,
CausalForest_min5_trees1000,13.23,0.061,0.007,0.009,1,0.032,0.025,0.124,0.922,35,4098,
CausalForest_min5_trees2000,25.105,0.062,0.008,0.009,1,0.033,0.026,0.112,0.893,35,4098,
CausalForest_min5_trees4000,50.474,0.062,0.008,0.009,1,0.032,0.025,0.11,0.89,35,4098,
CausalForest_min10_trees500,6.705,0.061,0.007,0.009,1,0.028,0.022,0.097,0.882,35,4098,
CausalForest_min10_trees1000,11.845,0.061,0.007,0.009,1,0.027,0.022,0.093,0.888,35,4098,
CausalForest_min10_trees2000,22.98,0.062,0.008,0.009,1,0.028,0.022,0.09,0.865,35,4098,
CausalForest_min10_trees4000,46.76,0.062,0.008,0.009,1,0.028,0.022,0.087,0.88,35,4098,
CausalForest_min20_trees500,6.375,0.061,0.008,0.009,1,0.025,0.02,0.076,0.851,35,4098,
CausalForest_min20_trees1000,10.998,0.061,0.007,0.009,1,0.024,0.02,0.07,0.82,35,4098,
CausalForest_min20_trees2000,20.94,0.062,0.008,0.009,1,0.025,0.02,0.071,0.839,35,4098,
CausalForest_min20_trees4000,41.927,0.062,0.008,0.009,1,0.025,0.02,0.07,0.837,35,4098,
CausalForest_min40_trees500,5.831,0.061,0.007,0.009,1,0.023,0.019,0.052,0.716,35,4098,
CausalForest_min40_trees1000,10.461,0.061,0.007,0.009,1,0.023,0.019,0.054,0.732,35,4098,
CausalForest_min40_trees2000,19.149,0.062,0.008,0.009,1,0.024,0.019,0.055,0.726,35,4098,
CausalForest_min40_trees4000,37.667,0.062,0.008,0.009,1,0.024,0.019,0.057,0.757,35,4098,
CausalForest_min80_trees500,5.279,0.061,0.007,0.009,1,0.023,0.019,0.041,0.599,35,4098,
CausalForest_min80_trees1000,9.517,0.061,0.007,0.009,1,0.023,0.019,0.044,0.633,35,4098,
CausalForest_min80_trees2000,17.329,0.061,0.008,0.009,1,0.023,0.019,0.049,0.682,35,4098,
CausalForest_min80_trees4000,33.63,0.062,0.008,0.009,1,0.023,0.019,0.048,0.69,35,4098,
CausalForest_min5_trees500,9.355,0.046,-0.008,0.009,1,0.044,0.036,0.139,0.858,3,4098,
CausalForest_min5_trees1000,12.624,0.046,-0.008,0.009,1,0.045,0.036,0.13,0.82,3,4098,
CausalForest_min5_trees2000,26.957,0.046,-0.008,0.009,1,0.046,0.037,0.125,0.81,3,4098,
CausalForest_min5_trees4000,52.713,0.046,-0.008,0.009,1,0.045,0.036,0.12,0.802,3,4098,
CausalForest_min10_trees500,6.445,0.046,-0.008,0.009,1,0.04,0.033,0.112,0.802,3,4098,
CausalForest_min10_trees1000,12.513,0.046,-0.008,0.009,1,0.041,0.033,0.104,0.764,3,4098,
CausalForest_min10_trees2000,23.755,0.046,-0.008,0.009,1,0.041,0.033,0.098,0.744,3,4098,
CausalForest_min10_trees4000,48.918,0.046,-0.008,0.009,1,0.041,0.033,0.1,0.765,3,4098,
CausalForest_min20_trees500,6.34,0.046,-0.008,0.009,1,0.037,0.03,0.087,0.739,3,4098,
CausalForest_min20_trees1000,11.606,0.046,-0.008,0.009,1,0.038,0.03,0.085,0.713,3,4098,
CausalForest_min20_trees2000,21.259,0.046,-0.008,0.009,1,0.038,0.03,0.081,0.695,3,4098,
CausalForest_min20_trees4000,43.882,0.046,-0.008,0.009,1,0.038,0.031,0.083,0.721,3,4098,
CausalForest_min40_trees500,5.416,0.046,-0.008,0.009,1,0.034,0.028,0.073,0.693,3,4098,
CausalForest_min40_trees1000,10.73,0.046,-0.008,0.009,1,0.035,0.028,0.076,0.715,3,4098,
CausalForest_min40_trees2000,19.158,0.045,-0.008,0.009,1,0.034,0.028,0.074,0.715,3,4098,
CausalForest_min40_trees4000,40.051,0.046,-0.008,0.009,1,0.034,0.028,0.076,0.725,3,4098,
CausalForest_min80_trees500,5.045,0.046,-0.008,0.009,1,0.031,0.025,0.074,0.773,3,4098,
CausalForest_min80_trees1000,9.042,0.045,-0.008,0.009,1,0.032,0.026,0.07,0.744,3,4098,
CausalForest_min80_trees2000,18.149,0.045,-0.008,0.009,1,0.032,0.026,0.071,0.742,3,4098,
CausalForest_min80_trees4000,35.319,0.046,-0.008,0.009,1,0.032,0.026,0.07,0.746,3,4098,
CausalForest_min5_trees500,7.378,0.042,-0.012,0.009,1,0.047,0.037,0.142,0.841,45,4098,
CausalForest_min5_trees1000,12.522,0.041,-0.013,0.009,1,0.047,0.037,0.131,0.818,45,4098,
CausalForest_min5_trees2000,24.948,0.041,-0.012,0.009,1,0.046,0.036,0.124,0.803,45,4098,
CausalForest_min5_trees4000,50.406,0.041,-0.012,0.009,1,0.046,0.036,0.12,0.792,45,4098,
CausalForest_min10_trees500,6.5,0.042,-0.012,0.009,1,0.042,0.034,0.105,0.754,45,4098,
CausalForest_min10_trees1000,11.978,0.041,-0.013,0.009,1,0.041,0.033,0.102,0.748,45,4098,
CausalForest_min10_trees2000,23.72,0.041,-0.013,0.009,1,0.041,0.033,0.101,0.761,45,4098,
CausalForest_min10_trees4000,46.973,0.041,-0.013,0.009,1,0.041,0.033,0.097,0.737,45,4098,
CausalForest_min20_trees500,6.05,0.042,-0.012,0.009,1,0.039,0.031,0.09,0.743,45,4098,
CausalForest_min20_trees1000,11.158,0.041,-0.013,0.009,1,0.038,0.03,0.088,0.732,45,4098,
CausalForest_min20_trees2000,21.173,0.041,-0.013,0.009,1,0.037,0.03,0.086,0.721,45,4098,
CausalForest_min20_trees4000,43.892,0.041,-0.013,0.009,1,0.036,0.03,0.086,0.731,45,4098,
CausalForest_min40_trees500,5.644,0.042,-0.012,0.009,1,0.035,0.029,0.078,0.696,45,4098,
CausalForest_min40_trees1000,10.139,0.04,-0.013,0.009,1,0.034,0.028,0.075,0.686,45,4098,
CausalForest_min40_trees2000,18.96,0.041,-0.013,0.009,1,0.033,0.027,0.074,0.705,45,4098,
CausalForest_min40_trees4000,39.455,0.041,-0.013,0.009,1,0.033,0.027,0.077,0.726,45,4098,
CausalForest_min80_trees500,4.749,0.042,-0.012,0.009,1,0.027,0.021,0.067,0.767,45,4098,
CausalForest_min80_trees1000,9.511,0.04,-0.013,0.009,1,0.027,0.021,0.064,0.755,45,4098,
CausalForest_min80_trees2000,17.48,0.041,-0.013,0.009,1,0.026,0.02,0.066,0.786,45,4098,
CausalForest_min80_trees4000,35.273,0.041,-0.013,0.009,1,0.026,0.02,0.064,0.778,45,4098,
CausalForest_min5_trees500,9.55,0.065,0.011,0.009,1,0.031,0.025,0.132,0.933,6,4098,
CausalForest_min5_trees1000,12.826,0.064,0.011,0.009,1,0.031,0.025,0.118,0.912,6,4098,
CausalForest_min5_trees2000,26.53,0.065,0.011,0.009,1,0.031,0.025,0.112,0.889,6,4098,
CausalForest_min5_trees4000,53.531,0.065,0.011,0.009,1,0.031,0.025,0.109,0.895,6,4098,
CausalForest_min10_trees500,6.398,0.064,0.011,0.009,1,0.027,0.022,0.093,0.88,6,4098,
CausalForest_min10_trees1000,12.11,0.064,0.011,0.009,1,0.026,0.021,0.091,0.863,6,4098,
CausalForest_min10_trees2000,23.324,0.065,0.011,0.009,1,0.026,0.021,0.086,0.861,6,4098,
CausalForest_min10_trees4000,48.269,0.064,0.011,0.009,1,0.026,0.021,0.087,0.865,6,4098,
CausalForest_min20_trees500,6.46,0.064,0.011,0.009,1,0.023,0.019,0.074,0.84,6,4098,
CausalForest_min20_trees1000,11.816,0.064,0.01,0.009,1,0.024,0.019,0.071,0.825,6,4098,
CausalForest_min20_trees2000,22.2,0.064,0.011,0.009,1,0.024,0.02,0.068,0.795,6,4098,
CausalForest_min20_trees4000,44.397,0.064,0.011,0.009,1,0.024,0.019,0.069,0.817,6,4098,
CausalForest_min40_trees500,5.407,0.064,0.01,0.009,1,0.023,0.019,0.061,0.792,6,4098,
CausalForest_min40_trees1000,10.371,0.064,0.01,0.009,1,0.023,0.019,0.062,0.805,6,4098,
CausalForest_min40_trees2000,19.552,0.064,0.011,0.009,1,0.023,0.019,0.056,0.768,6,4098,
CausalForest_min40_trees4000,40.78,0.064,0.01,0.009,1,0.023,0.019,0.057,0.778,6,4098,
CausalForest_min80_trees500,5.12,0.064,0.01,0.009,1,0.023,0.019,0.046,0.658,6,4098,
CausalForest_min80_trees1000,9.562,0.064,0.01,0.009,1,0.023,0.019,0.044,0.626,6,4098,
CausalForest_min80_trees2000,18.477,0.064,0.011,0.009,1,0.023,0.019,0.043,0.607,6,4098,
CausalForest_min80_trees4000,36.94,0.064,0.01,0.009,1,0.023,0.019,0.047,0.671,6,4098,
CausalForest_min5_trees500,9.059,0.053,-0.001,0.009,1,0.033,0.025,0.135,0.928,46,4098,
CausalForest_min5_trees1000,12.632,0.054,-0.0,0.009,1,0.032,0.025,0.123,0.914,46,4098,
CausalForest_min5_trees2000,25.247,0.054,-0.0,0.009,1,0.032,0.025,0.115,0.882,46,4098,
CausalForest_min5_trees4000,52.331,0.054,0.0,0.009,1,0.032,0.025,0.111,0.871,46,4098,
CausalForest_min10_trees500,7.22,0.053,-0.0,0.009,1,0.028,0.022,0.1,0.882,46,4098,
CausalForest_min10_trees1000,12.069,0.054,-0.0,0.009,1,0.027,0.021,0.093,0.872,46,4098,
CausalForest_min10_trees2000,23.898,0.054,-0.0,0.009,1,0.027,0.021,0.091,0.87,46,4098,
CausalForest_min10_trees4000,49.936,0.054,0.0,0.009,1,0.027,0.021,0.089,0.866,46,4098,
CausalForest_min20_trees500,6.448,0.053,-0.001,0.009,1,0.024,0.019,0.082,0.866,46,4098,
CausalForest_min20_trees1000,11.67,0.054,-0.0,0.009,1,0.024,0.018,0.076,0.855,46,4098,
CausalForest_min20_trees2000,21.365,0.054,-0.0,0.009,1,0.024,0.019,0.072,0.832,46,4098,
CausalForest_min20_trees4000,44.778,0.054,0.0,0.009,1,0.024,0.019,0.074,0.844,46,4098,
CausalForest_min40_trees500,6.391,0.053,-0.001,0.009,1,0.022,0.017,0.066,0.828,46,4098,
CausalForest_min40_trees1000,10.732,0.054,-0.0,0.009,1,0.022,0.017,0.065,0.829,46,4098,
CausalForest_min40_trees2000,20.274,0.054,-0.0,0.009,1,0.022,0.017,0.062,0.824,46,4098,
CausalForest_min40_trees4000,40.856,0.054,0.0,0.009,1,0.022,0.017,0.062,0.826,46,4098,
CausalForest_min80_trees500,5.752,0.053,-0.001,0.009,1,0.021,0.016,0.053,0.802,46,4098,
CausalForest_min80_trees1000,9.166,0.054,-0.0,0.009,1,0.021,0.016,0.055,0.803,46,4098,
CausalForest_min80_trees2000,19.017,0.054,-0.0,0.009,1,0.02,0.016,0.057,0.827,46,4098,
CausalForest_min80_trees4000,37.382,0.054,0.0,0.009,1,0.02,0.016,0.054,0.812,46,4098,
CausalForest_min5_trees500,9.429,0.07,0.017,0.009,1,0.042,0.031,0.137,0.906,20,4098,
CausalForest_min5_trees1000,13.086,0.071,0.018,0.009,0,0.042,0.031,0.127,0.887,20,4098,
CausalForest_min5_trees2000,26.235,0.071,0.018,0.009,1,0.042,0.031,0.123,0.877,20,4098,
CausalForest_min5_trees4000,51.537,0.071,0.017,0.009,1,0.042,0.031,0.118,0.871,20,4098,
CausalForest_min10_trees500,6.663,0.07,0.017,0.009,1,0.037,0.028,0.103,0.854,20,4098,
CausalForest_min10_trees1000,12.278,0.071,0.018,0.009,0,0.037,0.028,0.099,0.832,20,4098,
CausalForest_min10_trees2000,23.961,0.071,0.017,0.009,1,0.037,0.028,0.099,0.845,20,4098,
CausalForest_min10_trees4000,47.426,0.071,0.017,0.009,1,0.037,0.028,0.096,0.837,20,4098,
CausalForest_min20_trees500,6.53,0.071,0.017,0.009,1,0.033,0.026,0.085,0.823,20,4098,
CausalForest_min20_trees1000,11.27,0.071,0.018,0.009,0,0.033,0.026,0.08,0.79,20,4098,
CausalForest_min20_trees2000,21.55,0.071,0.017,0.009,1,0.033,0.026,0.078,0.782,20,4098,
CausalForest_min20_trees4000,44.691,0.071,0.017,0.009,1,0.033,0.026,0.081,0.804,20,4098,
CausalForest_min40_trees500,6.035,0.07,0.017,0.009,1,0.031,0.024,0.073,0.761,20,4098,
CausalForest_min40_trees1000,10.713,0.071,0.018,0.009,0,0.031,0.025,0.074,0.778,20,4098,
CausalForest_min40_trees2000,19.422,0.071,0.017,0.009,1,0.031,0.025,0.071,0.763,20,4098,
CausalForest_min40_trees4000,39.942,0.071,0.017,0.009,1,0.031,0.025,0.07,0.76,20,4098,
CausalForest_min80_trees500,5.29,0.071,0.017,0.009,1,0.029,0.024,0.064,0.724,20,4098,
CausalForest_min80_trees1000,9.518,0.071,0.018,0.009,0,0.029,0.024,0.063,0.708,20,4098,
CausalForest_min80_trees2000,18.447,0.071,0.017,0.009,1,0.029,0.024,0.062,0.693,20,4098,
CausalForest_min80_trees4000,34.307,0.071,0.017,0.009,1,0.029,0.024,0.061,0.699,20,4098,
CausalForest_min5_trees500,9.115,0.036,-0.017,0.009,0,0.041,0.033,0.13,0.835,40,4098,
CausalForest_min5_trees1000,12.334,0.035,-0.019,0.009,0,0.04,0.032,0.12,0.824,40,4098,
CausalForest_min5_trees2000,24.762,0.035,-0.018,0.008,0,0.041,0.032,0.117,0.809,40,4098,
CausalForest_min5_trees4000,51.558,0.035,-0.019,0.008,0,0.04,0.032,0.11,0.789,40,4098,
CausalForest_min10_trees500,7.691,0.036,-0.018,0.009,0,0.035,0.028,0.099,0.793,40,4098,
CausalForest_min10_trees1000,11.551,0.035,-0.019,0.009,0,0.035,0.028,0.094,0.782,40,4098,
CausalForest_min10_trees2000,21.948,0.035,-0.019,0.008,0,0.035,0.028,0.09,0.766,40,4098,
CausalForest_min10_trees4000,45.597,0.035,-0.019,0.008,0,0.035,0.028,0.089,0.764,40,4098,
CausalForest_min20_trees500,8.674,0.036,-0.018,0.009,0,0.032,0.025,0.079,0.747,40,4098,
CausalForest_min20_trees1000,11.48,0.035,-0.019,0.009,0,0.032,0.025,0.076,0.735,40,4098,
CausalForest_min20_trees2000,21.171,0.035,-0.019,0.008,0,0.032,0.025,0.076,0.742,40,4098,
CausalForest_min20_trees4000,43.529,0.035,-0.019,0.008,0,0.032,0.025,0.074,0.725,40,4098,
CausalForest_min40_trees500,7.637,0.036,-0.018,0.009,0,0.03,0.023,0.061,0.668,40,4098,
CausalForest_min40_trees1000,10.304,0.035,-0.019,0.009,0,0.03,0.024,0.068,0.715,40,4098,
CausalForest_min40_trees2000,19.083,0.035,-0.019,0.008,0,0.03,0.023,0.066,0.711,40,4098,
CausalForest_min40_trees4000,38.51,0.035,-0.019,0.008,0,0.03,0.023,0.063,0.693,40,4098,
CausalForest_min80_trees500,6.742,0.036,-0.018,0.009,0,0.028,0.021,0.05,0.648,40,4098,
CausalForest_min80_trees1000,9.265,0.035,-0.019,0.009,0,0.029,0.022,0.053,0.651,40,4098,
CausalForest_min80_trees2000,17.037,0.035,-0.019,0.008,0,0.028,0.021,0.053,0.655,40,4098,
CausalForest_min80_trees4000,33.584,0.035,-0.019,0.008,0,0.028,0.022,0.053,0.658,40,4098,
CausalForest_min5_trees500,9.357,0.058,0.004,0.009,1,0.034,0.026,0.137,0.919,7,4098,
CausalForest_min5_trees1000,12.92,0.058,0.005,0.009,1,0.033,0.026,0.126,0.909,7,4098,
CausalForest_min5_trees2000,25.462,0.058,0.004,0.009,1,0.034,0.026,0.12,0.886,7,4098,
CausalForest_min5_trees4000,51.116,0.058,0.004,0.009,1,0.033,0.026,0.118,0.886,7,4098,
CausalForest_min10_trees500,7.115,0.058,0.004,0.009,1,0.028,0.022,0.104,0.886,7,4098,
CausalForest_min10_trees1000,11.948,0.058,0.004,0.009,1,0.028,0.022,0.098,0.883,7,4098,
CausalForest_min10_trees2000,22.952,0.058,0.004,0.009,1,0.028,0.022,0.095,0.874,7,4098,
CausalForest_min10_trees4000,48.894,0.058,0.004,0.009,1,0.028,0.022,0.095,0.878,7,4098,
CausalForest_min20_trees500,6.921,0.058,0.004,0.009,1,0.024,0.019,0.08,0.873,7,4098,
CausalForest_min20_trees1000,11.308,0.058,0.004,0.009,1,0.024,0.019,0.08,0.867,7,4098,
CausalForest_min20_trees2000,21.286,0.058,0.004,0.009,1,0.024,0.019,0.078,0.858,7,4098,
CausalForest_min20_trees4000,44.196,0.058,0.004,0.009,1,0.024,0.019,0.079,0.869,7,4098,
CausalForest_min40_trees500,6.453,0.058,0.004,0.009,1,0.022,0.017,0.063,0.819,7,4098,
CausalForest_min40_trees1000,10.126,0.058,0.004,0.009,1,0.022,0.017,0.066,0.85,7,4098,
CausalForest_min40_trees2000,19.72,0.058,0.004,0.009,1,0.022,0.017,0.067,0.857,7,4098,
CausalForest_min40_trees4000,40.715,0.058,0.004,0.009,1,0.022,0.017,0.066,0.849,7,4098,
CausalForest_min80_trees500,5.404,0.057,0.004,0.009,1,0.021,0.016,0.058,0.819,7,4098,
CausalForest_min80_trees1000,9.146,0.058,0.004,0.009,1,0.021,0.016,0.062,0.851,7,4098,
CausalForest_min80_trees2000,18.08,0.058,0.004,0.009,1,0.021,0.017,0.057,0.815,7,4098,
CausalForest_min80_trees4000,34.983,0.058,0.004,0.009,1,0.021,0.016,0.057,0.827,7,4098,
CausalForest_min5_trees500,7.468,0.059,0.005,0.009,1,0.035,0.027,0.139,0.929,47,4098,
CausalForest_min5_trees1000,12.562,0.059,0.006,0.009,1,0.036,0.027,0.13,0.908,47,4098,
CausalForest_min5_trees2000,24.756,0.06,0.007,0.009,1,0.036,0.027,0.124,0.894,47,4098,
CausalForest_min5_trees4000,49.758,0.06,0.006,0.009,1,0.035,0.027,0.123,0.897,47,4098,
CausalForest_min10_trees500,6.809,0.059,0.005,0.009,1,0.03,0.023,0.104,0.893,47,4098,
CausalForest_min10_trees1000,11.74,0.059,0.006,0.009,1,0.031,0.024,0.104,0.884,47,4098,
CausalForest_min10_trees2000,22.758,0.06,0.007,0.009,1,0.031,0.023,0.098,0.873,47,4098,
CausalForest_min10_trees4000,45.525,0.06,0.006,0.009,1,0.031,0.023,0.1,0.887,47,4098,
CausalForest_min20_trees500,6.842,0.059,0.005,0.009,1,0.027,0.021,0.082,0.85,47,4098,
CausalForest_min20_trees1000,11.35,0.059,0.005,0.009,1,0.028,0.021,0.084,0.859,47,4098,
CausalForest_min20_trees2000,20.307,0.06,0.007,0.009,1,0.028,0.021,0.082,0.859,47,4098,
CausalForest_min20_trees4000,41.663,0.06,0.006,0.009,1,0.028,0.021,0.082,0.865,47,4098,
CausalForest_min40_trees500,6.734,0.059,0.005,0.009,1,0.025,0.019,0.069,0.828,47,4098,
CausalForest_min40_trees1000,9.946,0.059,0.005,0.009,1,0.026,0.02,0.069,0.833,47,4098,
CausalForest_min40_trees2000,18.264,0.06,0.006,0.009,1,0.025,0.02,0.069,0.835,47,4098,
CausalForest_min40_trees4000,37.326,0.06,0.006,0.009,1,0.025,0.02,0.073,0.86,47,4098,
CausalForest_min80_trees500,6.329,0.059,0.005,0.009,1,0.023,0.018,0.06,0.799,47,4098,
CausalForest_min80_trees1000,9.168,0.059,0.005,0.009,1,0.023,0.018,0.06,0.8,47,4098,
CausalForest_min80_trees2000,16.398,0.06,0.006,0.009,1,0.023,0.018,0.06,0.81,47,4098,
CausalForest_min80_trees4000,33.597,0.06,0.006,0.009,1,0.023,0.018,0.06,0.814,47,4098,
CausalForest_min5_trees500,9.162,0.053,-0.001,0.009,1,0.046,0.035,0.141,0.868,5,4098,
CausalForest_min5_trees1000,12.449,0.052,-0.001,0.009,1,0.045,0.034,0.129,0.85,5,4098,
CausalForest_min5_trees2000,24.944,0.053,-0.001,0.009,1,0.045,0.034,0.126,0.842,5,4098,
CausalForest_min5_trees4000,49.996,0.053,-0.001,0.009,1,0.046,0.035,0.123,0.841,5,4098,
CausalForest_min10_trees500,8.882,0.053,-0.001,0.009,1,0.039,0.031,0.112,0.826,5,4098,
CausalForest_min10_trees1000,11.521,0.052,-0.001,0.009,1,0.039,0.03,0.105,0.817,5,4098,
CausalForest_min10_trees2000,22.425,0.053,-0.001,0.009,1,0.039,0.03,0.103,0.821,5,4098,
CausalForest_min10_trees4000,44.704,0.053,-0.001,0.009,1,0.039,0.03,0.102,0.828,5,4098,
CausalForest_min20_trees500,8.928,0.053,-0.001,0.009,1,0.034,0.027,0.089,0.784,5,4098,
CausalForest_min20_trees1000,11.636,0.052,-0.001,0.009,1,0.033,0.026,0.085,0.786,5,4098,
CausalForest_min20_trees2000,20.8,0.053,-0.001,0.009,1,0.034,0.027,0.088,0.81,5,4098,
CausalForest_min20_trees4000,42.153,0.053,-0.001,0.009,1,0.034,0.027,0.088,0.811,5,4098,
CausalForest_min40_trees500,8.224,0.053,-0.0,0.009,1,0.031,0.025,0.073,0.742,5,4098,
CausalForest_min40_trees1000,11.402,0.052,-0.001,0.009,1,0.029,0.023,0.073,0.773,5,4098,
CausalForest_min40_trees2000,18.646,0.053,-0.001,0.009,1,0.03,0.024,0.076,0.798,5,4098,
CausalForest_min40_trees4000,38.662,0.053,-0.001,0.009,1,0.03,0.024,0.077,0.806,5,4098,
CausalForest_min80_trees500,6.411,0.053,-0.001,0.009,1,0.027,0.021,0.067,0.784,5,4098,
CausalForest_min80_trees1000,11.288,0.052,-0.001,0.009,1,0.026,0.02,0.064,0.773,5,4098,
CausalForest_min80_trees2000,17.979,0.053,-0.001,0.009,1,0.027,0.021,0.065,0.783,5,4098,
CausalForest_min80_trees4000,34.936,0.053,-0.001,0.009,1,0.027,0.021,0.065,0.774,5,4098,
CausalForest_min5_trees500,8.603,0.05,-0.004,0.009,1,0.041,0.032,0.132,0.878,8,4098,
CausalForest_min5_trees1000,14.041,0.051,-0.002,0.009,1,0.041,0.032,0.123,0.861,8,4098,
CausalForest_min5_trees2000,24.706,0.051,-0.003,0.009,1,0.04,0.031,0.116,0.839,8,4098,
CausalForest_min5_trees4000,49.539,0.051,-0.002,0.009,1,0.04,0.031,0.112,0.836,8,4098,
CausalForest_min10_trees500,8.089,0.05,-0.004,0.009,1,0.035,0.028,0.102,0.834,8,4098,
CausalForest_min10_trees1000,11.85,0.051,-0.002,0.009,1,0.034,0.027,0.097,0.827,8,4098,
CausalForest_min10_trees2000,22.554,0.051,-0.003,0.009,1,0.034,0.027,0.093,0.831,8,4098,
CausalForest_min10_trees4000,45.94,0.051,-0.002,0.009,1,0.033,0.027,0.089,0.82,8,4098,
CausalForest_min20_trees500,8.081,0.05,-0.004,0.009,1,0.029,0.023,0.075,0.785,8,4098,
CausalForest_min20_trees1000,11.158,0.051,-0.002,0.009,1,0.029,0.023,0.073,0.789,8,4098,
CausalForest_min20_trees2000,20.736,0.051,-0.003,0.009,1,0.029,0.023,0.072,0.777,8,4098,
CausalForest_min20_trees4000,41.416,0.051,-0.002,0.009,1,0.029,0.023,0.074,0.811,8,4098,
CausalForest_min40_trees500,7.302,0.05,-0.004,0.009,1,0.026,0.02,0.062,0.764,8,4098,
CausalForest_min40_trees1000,10.656,0.051,-0.002,0.009,1,0.025,0.02,0.06,0.766,8,4098,
CausalForest_min40_trees2000,19.065,0.051,-0.003,0.009,1,0.025,0.02,0.063,0.79,8,4098,
CausalForest_min40_trees4000,37.968,0.051,-0.002,0.009,1,0.025,0.02,0.063,0.804,8,4098,
CausalForest_min80_trees500,5.896,0.05,-0.004,0.009,1,0.023,0.018,0.048,0.717,8,4098,
CausalForest_min80_trees1000,9.174,0.051,-0.003,0.009,1,0.022,0.017,0.048,0.734,8,4098,
CausalForest_min80_trees2000,17.272,0.051,-0.003,0.009,1,0.022,0.017,0.049,0.758,8,4098,
CausalForest_min80_trees4000,33.072,0.051,-0.002,0.009,1,0.022,0.017,0.051,0.779,8,4098,
CausalForest_min5_trees500,9.674,0.055,0.001,0.009,1,0.044,0.032,0.131,0.86,44,4098,
CausalForest_min5_trees1000,13.312,0.054,0.001,0.009,1,0.043,0.031,0.129,0.859,44,4098,
CausalForest_min5_trees2000,26.744,0.055,0.001,0.009,1,0.043,0.031,0.119,0.825,44,4098,
CausalForest_min5_trees4000,54.565,0.056,0.002,0.009,1,0.043,0.032,0.114,0.81,44,4098,
CausalForest_min10_trees500,6.65,0.055,0.001,0.009,1,0.037,0.028,0.1,0.804,44,4098,
CausalForest_min10_trees1000,12.498,0.054,0.001,0.009,1,0.037,0.027,0.095,0.808,44,4098,
CausalForest_min10_trees2000,23.946,0.055,0.001,0.009,1,0.037,0.027,0.092,0.786,44,4098,
CausalForest_min10_trees4000,49.504,0.056,0.002,0.009,1,0.037,0.027,0.094,0.794,44,4098,
CausalForest_min20_trees500,5.771,0.055,0.001,0.009,1,0.033,0.025,0.078,0.756,44,4098,
CausalForest_min20_trees1000,11.537,0.054,0.001,0.009,1,0.032,0.024,0.076,0.76,44,4098,
CausalForest_min20_trees2000,22.753,0.055,0.001,0.009,1,0.033,0.025,0.075,0.751,44,4098,
CausalForest_min20_trees4000,46.305,0.056,0.002,0.009,1,0.033,0.025,0.077,0.765,44,4098,
CausalForest_min40_trees500,5.881,0.055,0.001,0.009,1,0.029,0.022,0.072,0.779,44,4098,
CausalForest_min40_trees1000,10.008,0.054,0.001,0.009,1,0.029,0.022,0.067,0.752,44,4098,
CausalForest_min40_trees2000,20.404,0.055,0.001,0.009,1,0.029,0.022,0.072,0.785,44,4098,
CausalForest_min40_trees4000,40.741,0.056,0.002,0.009,1,0.029,0.022,0.07,0.769,44,4098,
CausalForest_min80_trees500,5.439,0.055,0.001,0.009,1,0.027,0.02,0.059,0.741,44,4098,
CausalForest_min80_trees1000,8.963,0.054,0.001,0.009,1,0.027,0.02,0.061,0.75,44,4098,
CausalForest_min80_trees2000,19.887,0.055,0.001,0.009,1,0.027,0.021,0.062,0.757,44,4098,
CausalForest_min80_trees4000,37.67,0.056,0.002,0.009,1,0.027,0.021,0.063,0.76,44,4098,
CausalForest_min5_trees500,9.355,0.044,-0.01,0.009,1,0.031,0.024,0.133,0.928,28,4098,
CausalForest_min5_trees1000,12.837,0.044,-0.01,0.009,1,0.03,0.023,0.121,0.92,28,4098,
CausalForest_min5_trees2000,26.053,0.044,-0.01,0.009,1,0.03,0.023,0.113,0.897,28,4098,
CausalForest_min5_trees4000,53.398,0.044,-0.009,0.009,1,0.029,0.023,0.109,0.892,28,4098,
CausalForest_min10_trees500,6.932,0.044,-0.01,0.009,1,0.027,0.021,0.099,0.887,28,4098,
CausalForest_min10_trees1000,12.342,0.044,-0.01,0.009,1,0.025,0.02,0.09,0.874,28,4098,
CausalForest_min10_trees2000,23.605,0.044,-0.01,0.009,1,0.026,0.02,0.086,0.859,28,4098,
CausalForest_min10_trees4000,48.999,0.044,-0.009,0.009,1,0.025,0.02,0.085,0.87,28,4098,
CausalForest_min20_trees500,6.076,0.044,-0.01,0.009,1,0.024,0.019,0.074,0.836,28,4098,
CausalForest_min20_trees1000,11.52,0.044,-0.01,0.009,1,0.023,0.018,0.066,0.816,28,4098,
CausalForest_min20_trees2000,21.755,0.044,-0.01,0.009,1,0.024,0.018,0.069,0.825,28,4098,
CausalForest_min20_trees4000,43.862,0.044,-0.009,0.009,1,0.023,0.018,0.069,0.834,28,4098,
CausalForest_min40_trees500,6.088,0.044,-0.01,0.009,1,0.023,0.017,0.057,0.777,28,4098,
CausalForest_min40_trees1000,10.279,0.044,-0.01,0.009,1,0.023,0.016,0.053,0.755,28,4098,
CausalForest_min40_trees2000,19.944,0.044,-0.01,0.009,1,0.023,0.017,0.055,0.77,28,4098,
CausalForest_min40_trees4000,40.403,0.044,-0.009,0.009,1,0.022,0.016,0.055,0.784,28,4098,
CausalForest_min80_trees500,5.889,0.044,-0.01,0.009,1,0.023,0.016,0.051,0.764,28,4098,
CausalForest_min80_trees1000,9.485,0.044,-0.01,0.009,1,0.022,0.016,0.052,0.785,28,4098,
CausalForest_min80_trees2000,18.914,0.044,-0.01,0.009,1,0.023,0.016,0.052,0.78,28,4098,
CausalForest_min80_trees4000,36.427,0.044,-0.009,0.009,1,0.022,0.016,0.049,0.765,28,4098,
CausalForest_min5_trees500,8.019,0.074,0.02,0.009,0,0.039,0.03,0.131,0.89,29,4098,
CausalForest_min5_trees1000,12.696,0.074,0.02,0.009,0,0.038,0.029,0.121,0.875,29,4098,
CausalForest_min5_trees2000,25.017,0.074,0.02,0.009,0,0.039,0.03,0.11,0.838,29,4098,
CausalForest_min5_trees4000,50.313,0.074,0.02,0.009,0,0.039,0.03,0.11,0.853,29,4098,
CausalForest_min10_trees500,6.394,0.074,0.02,0.009,0,0.034,0.027,0.098,0.835,29,4098,
CausalForest_min10_trees1000,11.916,0.073,0.02,0.009,0,0.033,0.026,0.09,0.803,29,4098,
CausalForest_min10_trees2000,22.635,0.074,0.02,0.009,0,0.034,0.027,0.086,0.79,29,4098,
CausalForest_min10_trees4000,45.627,0.074,0.02,0.009,0,0.034,0.027,0.085,0.789,29,4098,
CausalForest_min20_trees500,6.011,0.074,0.02,0.009,0,0.031,0.026,0.076,0.756,29,4098,
CausalForest_min20_trees1000,11.051,0.073,0.02,0.009,0,0.03,0.025,0.076,0.778,29,4098,
CausalForest_min20_trees2000,20.484,0.074,0.02,0.009,0,0.031,0.025,0.073,0.753,29,4098,
CausalForest_min20_trees4000,40.518,0.074,0.02,0.009,0,0.031,0.026,0.073,0.753,29,4098,
CausalForest_min40_trees500,5.954,0.074,0.02,0.009,0,0.029,0.025,0.058,0.608,29,4098,
CausalForest_min40_trees1000,10.01,0.073,0.02,0.009,0,0.029,0.025,0.058,0.638,29,4098,
CausalForest_min40_trees2000,18.154,0.073,0.02,0.009,0,0.029,0.025,0.059,0.645,29,4098,
CausalForest_min40_trees4000,36.708,0.073,0.02,0.009,0,0.029,0.025,0.06,0.65,29,4098,
CausalForest_min80_trees500,5.932,0.074,0.02,0.009,0,0.028,0.024,0.05,0.525,29,4098,
CausalForest_min80_trees1000,9.075,0.073,0.019,0.009,0,0.028,0.024,0.05,0.512,29,4098,
CausalForest_min80_trees2000,16.943,0.073,0.02,0.009,0,0.028,0.025,0.047,0.469,29,4098,
CausalForest_min80_trees4000,32.788,0.073,0.02,0.009,0,0.028,0.025,0.048,0.466,29,4098,
CausalForest_min5_trees500,8.306,0.05,-0.004,0.009,1,0.042,0.031,0.137,0.896,30,4098,
CausalForest_min5_trees1000,12.322,0.05,-0.004,0.009,1,0.041,0.031,0.132,0.869,30,4098,
CausalForest_min5_trees2000,23.902,0.05,-0.004,0.009,1,0.041,0.031,0.118,0.84,30,4098,
CausalForest_min5_trees4000,51.22,0.049,-0.004,0.009,1,0.041,0.031,0.12,0.846,30,4098,
CausalForest_min10_trees500,7.137,0.049,-0.004,0.009,1,0.035,0.026,0.107,0.851,30,4098,
CausalForest_min10_trees1000,12.169,0.05,-0.004,0.009,1,0.034,0.026,0.103,0.837,30,4098,
CausalForest_min10_trees2000,22.318,0.05,-0.004,0.009,1,0.033,0.026,0.103,0.853,30,4098,
CausalForest_min10_trees4000,45.063,0.049,-0.004,0.009,1,0.033,0.026,0.099,0.836,30,4098,
CausalForest_min20_trees500,6.583,0.049,-0.004,0.009,1,0.029,0.023,0.086,0.819,30,4098,
CausalForest_min20_trees1000,11.484,0.05,-0.004,0.009,1,0.028,0.022,0.084,0.826,30,4098,
CausalForest_min20_trees2000,22.391,0.05,-0.004,0.009,1,0.028,0.022,0.083,0.826,30,4098,
CausalForest_min20_trees4000,43.007,0.049,-0.004,0.009,1,0.028,0.022,0.082,0.828,30,4098,
CausalForest_min40_trees500,5.284,0.049,-0.004,0.009,1,0.025,0.02,0.072,0.81,30,4098,
CausalForest_min40_trees1000,10.893,0.05,-0.004,0.009,1,0.025,0.019,0.072,0.819,30,4098,
CausalForest_min40_trees2000,19.082,0.049,-0.004,0.009,1,0.025,0.019,0.072,0.833,30,4098,
CausalForest_min40_trees4000,39.277,0.049,-0.005,0.009,1,0.024,0.019,0.071,0.829,30,4098,
CausalForest_min80_trees500,4.981,0.049,-0.005,0.009,1,0.023,0.018,0.06,0.795,30,4098,
CausalForest_min80_trees1000,10.269,0.049,-0.004,0.009,1,0.023,0.017,0.06,0.804,30,4098,
CausalForest_min80_trees2000,17.309,0.049,-0.004,0.009,1,0.023,0.017,0.06,0.82,30,4098,
CausalForest_min80_trees4000,35.488,0.049,-0.005,0.009,1,0.022,0.017,0.06,0.816,30,4098,
CausalForest_min5_trees500,9.089,0.059,0.005,0.009,1,0.036,0.028,0.145,0.923,11,4098,
CausalForest_min5_trees1000,12.569,0.06,0.006,0.009,1,0.035,0.027,0.129,0.903,11,4098,
CausalForest_min5_trees2000,24.987,0.061,0.007,0.009,1,0.035,0.028,0.12,0.877,11,4098,
CausalForest_min5_trees4000,51.006,0.061,0.007,0.009,1,0.035,0.028,0.119,0.875,11,4098,
CausalForest_min10_trees500,7.537,0.059,0.005,0.009,1,0.029,0.023,0.107,0.883,11,4098,
CausalForest_min10_trees1000,11.507,0.06,0.006,0.009,1,0.028,0.023,0.099,0.875,11,4098,
CausalForest_min10_trees2000,22.582,0.061,0.007,0.009,1,0.029,0.023,0.091,0.855,11,4098,
CausalForest_min10_trees4000,45.709,0.061,0.007,0.009,1,0.029,0.023,0.09,0.842,11,4098,
CausalForest_min20_trees500,8.276,0.059,0.005,0.009,1,0.025,0.02,0.086,0.864,11,4098,
CausalForest_min20_trees1000,11.404,0.06,0.006,0.009,1,0.025,0.02,0.079,0.837,11,4098,
CausalForest_min20_trees2000,21.224,0.061,0.007,0.009,1,0.025,0.02,0.076,0.834,11,4098,
CausalForest_min20_trees4000,43.156,0.061,0.007,0.009,1,0.025,0.02,0.077,0.837,11,4098,
CausalForest_min40_trees500,7.739,0.059,0.005,0.009,1,0.023,0.018,0.069,0.852,11,4098,
CausalForest_min40_trees1000,10.439,0.06,0.006,0.009,1,0.022,0.018,0.065,0.834,11,4098,
CausalForest_min40_trees2000,18.511,0.061,0.007,0.009,1,0.023,0.018,0.064,0.833,11,4098,
CausalForest_min40_trees4000,38.636,0.061,0.007,0.009,1,0.023,0.019,0.065,0.833,11,4098,
CausalForest_min80_trees500,7.293,0.059,0.005,0.009,1,0.022,0.018,0.057,0.811,11,4098,
CausalForest_min80_trees1000,9.253,0.06,0.006,0.009,1,0.021,0.018,0.057,0.824,11,4098,
CausalForest_min80_trees2000,18.046,0.061,0.007,0.009,1,0.022,0.018,0.056,0.812,11,4098,
CausalForest_min80_trees4000,34.684,0.061,0.007,0.009,1,0.022,0.018,0.056,0.798,11,4098,
CausalForest_min5_trees500,9.218,0.052,-0.001,0.009,1,0.033,0.026,0.137,0.934,32,4098,
CausalForest_min5_trees1000,12.407,0.053,-0.001,0.009,1,0.033,0.026,0.123,0.91,32,4098,
CausalForest_min5_trees2000,24.915,0.054,-0.0,0.009,1,0.033,0.026,0.115,0.891,32,4098,
CausalForest_min5_trees4000,50.344,0.053,-0.001,0.009,1,0.033,0.025,0.113,0.895,32,4098,
CausalForest_min10_trees500,7.837,0.053,-0.001,0.009,1,0.028,0.022,0.099,0.891,32,4098,
CausalForest_min10_trees1000,11.897,0.053,-0.001,0.009,1,0.028,0.022,0.094,0.882,32,4098,
CausalForest_min10_trees2000,23.788,0.054,-0.0,0.009,1,0.028,0.022,0.09,0.866,32,4098,
CausalForest_min10_trees4000,47.683,0.053,-0.001,0.009,1,0.027,0.021,0.087,0.864,32,4098,
CausalForest_min20_trees500,5.96,0.053,-0.001,0.009,1,0.024,0.019,0.075,0.853,32,4098,
CausalForest_min20_trees1000,10.964,0.053,-0.001,0.009,1,0.024,0.019,0.073,0.847,32,4098,
CausalForest_min20_trees2000,20.753,0.054,-0.0,0.009,1,0.024,0.019,0.071,0.839,32,4098,
CausalForest_min20_trees4000,42.016,0.053,-0.0,0.009,1,0.024,0.019,0.071,0.844,32,4098,
CausalForest_min40_trees500,6.453,0.053,-0.001,0.009,1,0.023,0.018,0.061,0.806,32,4098,
CausalForest_min40_trees1000,10.01,0.053,-0.001,0.009,1,0.023,0.018,0.063,0.818,32,4098,
CausalForest_min40_trees2000,18.545,0.054,-0.0,0.009,1,0.023,0.018,0.061,0.816,32,4098,
CausalForest_min40_trees4000,37.431,0.053,-0.0,0.009,1,0.023,0.018,0.061,0.826,32,4098,
CausalForest_min80_trees500,5.883,0.053,-0.001,0.009,1,0.022,0.017,0.048,0.697,32,4098,
CausalForest_min80_trees1000,8.916,0.053,-0.001,0.009,1,0.022,0.017,0.052,0.763,32,4098,
CausalForest_min80_trees2000,16.752,0.054,-0.0,0.009,1,0.022,0.017,0.051,0.746,32,4098,
CausalForest_min80_trees4000,33.153,0.053,-0.0,0.009,1,0.022,0.017,0.051,0.769,32,4098,
CausalForest_min5_trees500,9.127,0.061,0.007,0.009,1,0.033,0.025,0.137,0.942,14,4098,
CausalForest_min5_trees1000,12.26,0.062,0.008,0.009,1,0.033,0.025,0.122,0.918,14,4098,
CausalForest_min5_trees2000,24.679,0.062,0.008,0.009,1,0.032,0.025,0.116,0.905,14,4098,
CausalForest_min5_trees4000,50.678,0.062,0.009,0.009,1,0.032,0.025,0.114,0.895,14,4098,
CausalForest_min10_trees500,8.468,0.061,0.007,0.009,1,0.027,0.021,0.101,0.908,14,4098,
CausalForest_min10_trees1000,12.059,0.062,0.008,0.009,1,0.027,0.022,0.094,0.892,14,4098,
CausalForest_min10_trees2000,22.477,0.062,0.008,0.009,1,0.027,0.021,0.09,0.884,14,4098,
CausalForest_min10_trees4000,46.326,0.062,0.009,0.009,1,0.027,0.021,0.088,0.868,14,4098,
CausalForest_min20_trees500,8.521,0.061,0.007,0.009,1,0.024,0.019,0.08,0.86,14,4098,
CausalForest_min20_trees1000,11.013,0.062,0.008,0.009,1,0.024,0.019,0.074,0.852,14,4098,
CausalForest_min20_trees2000,20.865,0.062,0.008,0.009,1,0.024,0.019,0.07,0.836,14,4098,
CausalForest_min20_trees4000,41.77,0.062,0.009,0.009,1,0.024,0.019,0.071,0.838,14,4098,
CausalForest_min40_trees500,8.129,0.061,0.007,0.009,1,0.022,0.018,0.065,0.834,14,4098,
CausalForest_min40_trees1000,11.346,0.062,0.008,0.009,1,0.022,0.018,0.061,0.811,14,4098,
CausalForest_min40_trees2000,18.796,0.062,0.008,0.009,1,0.022,0.018,0.058,0.795,14,4098,
CausalForest_min40_trees4000,38.328,0.062,0.009,0.009,1,0.022,0.018,0.059,0.801,14,4098,
CausalForest_min80_trees500,6.54,0.061,0.007,0.009,1,0.022,0.018,0.046,0.672,14,4098,
CausalForest_min80_trees1000,10.517,0.062,0.008,0.009,1,0.022,0.018,0.051,0.727,14,4098,
CausalForest_min80_trees2000,18.21,0.062,0.008,0.009,1,0.022,0.018,0.049,0.725,14,4098,
CausalForest_min80_trees4000,34.957,0.062,0.009,0.009,1,0.022,0.018,0.05,0.748,14,4098,
CausalForest_min5_trees500,9.454,0.068,0.014,0.009,1,0.044,0.034,0.14,0.853,4,4098,
CausalForest_min5_trees1000,12.563,0.068,0.015,0.009,1,0.044,0.034,0.125,0.823,4,4098,
CausalForest_min5_trees2000,24.336,0.069,0.015,0.009,1,0.045,0.035,0.12,0.796,4,4098,
CausalForest_min5_trees4000,50.527,0.069,0.015,0.009,1,0.044,0.034,0.117,0.797,4,4098,
CausalForest_min10_trees500,8.363,0.068,0.014,0.009,1,0.039,0.031,0.105,0.796,4,4098,
CausalForest_min10_trees1000,11.797,0.068,0.015,0.009,1,0.04,0.031,0.099,0.772,4,4098,
CausalForest_min10_trees2000,22.555,0.069,0.015,0.009,1,0.04,0.031,0.095,0.759,4,4098,
CausalForest_min10_trees4000,46.157,0.068,0.015,0.009,1,0.039,0.031,0.096,0.765,4,4098,
CausalForest_min20_trees500,9.085,0.068,0.014,0.009,1,0.035,0.028,0.082,0.755,4,4098,
CausalForest_min20_trees1000,11.104,0.068,0.014,0.009,1,0.036,0.028,0.08,0.741,4,4098,
CausalForest_min20_trees2000,21.16,0.068,0.015,0.009,1,0.036,0.028,0.082,0.756,4,4098,
CausalForest_min20_trees4000,42.26,0.068,0.015,0.009,1,0.035,0.028,0.083,0.764,4,4098,
CausalForest_min40_trees500,7.979,0.068,0.014,0.009,1,0.032,0.025,0.074,0.745,4,4098,
CausalForest_min40_trees1000,11.242,0.068,0.014,0.009,1,0.033,0.026,0.072,0.724,4,4098,
CausalForest_min40_trees2000,19.519,0.068,0.015,0.009,1,0.033,0.026,0.074,0.746,4,4098,
CausalForest_min40_trees4000,39.617,0.068,0.015,0.009,1,0.033,0.026,0.075,0.756,4,4098,
CausalForest_min80_trees500,6.646,0.068,0.014,0.009,1,0.029,0.023,0.066,0.75,4,4098,
CausalForest_min80_trees1000,10.372,0.068,0.014,0.009,1,0.03,0.024,0.065,0.725,4,4098,
CausalForest_min80_trees2000,18.099,0.068,0.015,0.009,1,0.03,0.024,0.066,0.742,4,4098,
CausalForest_min80_trees4000,35.854,0.068,0.014,0.009,1,0.03,0.023,0.066,0.747,4,4098,
CausalForest_min5_trees500,8.784,0.066,0.013,0.009,1,0.034,0.026,0.13,0.923,19,4098,
CausalForest_min5_trees1000,13.037,0.065,0.012,0.009,1,0.033,0.025,0.121,0.915,19,4098,
CausalForest_min5_trees2000,24.574,0.066,0.012,0.009,1,0.033,0.026,0.114,0.9,19,4098,
CausalForest_min5_trees4000,49.235,0.066,0.013,0.009,1,0.033,0.026,0.109,0.885,19,4098,
CausalForest_min10_trees500,7.973,0.066,0.012,0.009,1,0.029,0.023,0.098,0.886,19,4098,
CausalForest_min10_trees1000,11.716,0.065,0.011,0.009,1,0.027,0.022,0.089,0.873,19,4098,
CausalForest_min10_trees2000,22.736,0.066,0.012,0.009,1,0.028,0.022,0.085,0.852,19,4098,
CausalForest_min10_trees4000,45.346,0.066,0.013,0.009,1,0.028,0.022,0.086,0.858,19,4098,
CausalForest_min20_trees500,7.271,0.066,0.013,0.009,1,0.026,0.021,0.072,0.793,19,4098,
CausalForest_min20_trees1000,10.501,0.065,0.011,0.009,1,0.025,0.02,0.073,0.825,19,4098,
CausalForest_min20_trees2000,20.235,0.066,0.012,0.009,1,0.025,0.021,0.069,0.807,19,4098,
CausalForest_min20_trees4000,40.529,0.066,0.013,0.009,1,0.025,0.021,0.065,0.786,19,4098,
CausalForest_min40_trees500,6.996,0.066,0.012,0.009,1,0.025,0.021,0.055,0.694,19,4098,
CausalForest_min40_trees1000,10.386,0.065,0.011,0.009,1,0.024,0.02,0.052,0.703,19,4098,
CausalForest_min40_trees2000,18.444,0.066,0.012,0.009,1,0.024,0.02,0.051,0.688,19,4098,
CausalForest_min40_trees4000,37.029,0.066,0.013,0.009,1,0.024,0.02,0.055,0.731,19,4098,
CausalForest_min80_trees500,6.149,0.066,0.012,0.009,1,0.023,0.02,0.044,0.606,19,4098,
CausalForest_min80_trees1000,9.504,0.065,0.012,0.009,1,0.023,0.019,0.044,0.611,19,4098,
CausalForest_min80_trees2000,16.905,0.066,0.012,0.009,1,0.024,0.02,0.047,0.625,19,4098,
CausalForest_min80_trees4000,33.108,0.066,0.013,0.009,1,0.024,0.02,0.046,0.613,19,4098,
CausalForest_min5_trees500,8.125,0.051,-0.003,0.009,1,0.035,0.025,0.137,0.933,23,4098,
CausalForest_min5_trees1000,12.465,0.052,-0.002,0.009,1,0.036,0.026,0.123,0.901,23,4098,
CausalForest_min5_trees2000,24.318,0.053,-0.001,0.009,1,0.036,0.026,0.117,0.888,23,4098,
CausalForest_min5_trees4000,50.993,0.053,-0.001,0.009,1,0.036,0.026,0.113,0.879,23,4098,
CausalForest_min10_trees500,7.206,0.051,-0.003,0.009,1,0.028,0.021,0.104,0.907,23,4098,
CausalForest_min10_trees1000,12.33,0.052,-0.002,0.009,1,0.028,0.022,0.095,0.881,23,4098,
CausalForest_min10_trees2000,22.338,0.053,-0.001,0.009,1,0.028,0.022,0.09,0.864,23,4098,
CausalForest_min10_trees4000,45.136,0.053,-0.001,0.009,1,0.028,0.022,0.089,0.859,23,4098,
CausalForest_min20_trees500,5.843,0.051,-0.003,0.009,1,0.024,0.019,0.083,0.868,23,4098,
CausalForest_min20_trees1000,11.597,0.052,-0.002,0.009,1,0.024,0.018,0.078,0.856,23,4098,
CausalForest_min20_trees2000,21.416,0.053,-0.001,0.009,1,0.023,0.018,0.074,0.851,23,4098,
CausalForest_min20_trees4000,41.638,0.053,-0.001,0.009,1,0.024,0.018,0.075,0.861,23,4098,
CausalForest_min40_trees500,5.744,0.051,-0.003,0.009,1,0.021,0.016,0.067,0.827,23,4098,
CausalForest_min40_trees1000,10.744,0.052,-0.002,0.009,1,0.021,0.016,0.064,0.835,23,4098,
CausalForest_min40_trees2000,19.484,0.053,-0.001,0.009,1,0.021,0.016,0.063,0.84,23,4098,
CausalForest_min40_trees4000,37.891,0.053,-0.001,0.009,1,0.021,0.016,0.066,0.864,23,4098,
CausalForest_min80_trees500,5.465,0.051,-0.003,0.009,1,0.02,0.015,0.055,0.789,23,4098,
CausalForest_min80_trees1000,9.241,0.052,-0.002,0.009,1,0.02,0.015,0.056,0.812,23,4098,
CausalForest_min80_trees2000,18.086,0.053,-0.001,0.009,1,0.02,0.015,0.055,0.808,23,4098,
CausalForest_min80_trees4000,35.691,0.053,-0.001,0.009,1,0.02,0.015,0.055,0.802,23,4098,
CausalForest_min5_trees500,9.272,0.048,-0.006,0.009,1,0.031,0.024,0.136,0.946,24,4098,
CausalForest_min5_trees1000,12.528,0.048,-0.006,0.009,1,0.031,0.024,0.124,0.925,24,4098,
CausalForest_min5_trees2000,24.879,0.049,-0.005,0.009,1,0.031,0.024,0.116,0.905,24,4098,
CausalForest_min5_trees4000,50.606,0.049,-0.005,0.009,1,0.031,0.024,0.112,0.899,24,4098,
CausalForest_min10_trees500,8.273,0.048,-0.006,0.009,1,0.026,0.02,0.1,0.899,24,4098,
CausalForest_min10_trees1000,11.324,0.048,-0.006,0.009,1,0.026,0.02,0.094,0.893,24,4098,
CausalForest_min10_trees2000,22.416,0.049,-0.005,0.009,1,0.026,0.02,0.087,0.87,24,4098,
CausalForest_min10_trees4000,45.726,0.049,-0.005,0.009,1,0.025,0.019,0.087,0.876,24,4098,
CausalForest_min20_trees500,8.768,0.048,-0.006,0.009,1,0.022,0.017,0.076,0.875,24,4098,
CausalForest_min20_trees1000,11.312,0.048,-0.006,0.009,1,0.022,0.017,0.071,0.848,24,4098,
CausalForest_min20_trees2000,20.587,0.049,-0.005,0.009,1,0.022,0.017,0.072,0.856,24,4098,
CausalForest_min20_trees4000,40.962,0.049,-0.005,0.009,1,0.022,0.017,0.072,0.87,24,4098,
CausalForest_min40_trees500,7.258,0.048,-0.006,0.009,1,0.021,0.015,0.056,0.811,24,4098,
CausalForest_min40_trees1000,12.947,0.048,-0.006,0.009,1,0.021,0.015,0.056,0.809,24,4098,
CausalForest_min40_trees2000,19.17,0.049,-0.005,0.009,1,0.021,0.015,0.056,0.815,24,4098,
CausalForest_min40_trees4000,37.166,0.049,-0.005,0.009,1,0.021,0.015,0.058,0.832,24,4098,
CausalForest_min80_trees500,6.319,0.048,-0.006,0.009,1,0.02,0.015,0.043,0.746,24,4098,
CausalForest_min80_trees1000,11.198,0.048,-0.006,0.009,1,0.02,0.015,0.048,0.782,24,4098,
CausalForest_min80_trees2000,17.457,0.049,-0.005,0.009,1,0.02,0.015,0.047,0.785,24,4098,
CausalForest_min80_trees4000,33.543,0.049,-0.005,0.009,1,0.02,0.015,0.05,0.808,24,4098,
CausalForest_min5_trees500,8.782,0.057,0.004,0.009,1,0.035,0.027,0.133,0.919,38,4098,
CausalForest_min5_trees1000,14.561,0.058,0.005,0.009,1,0.035,0.027,0.122,0.892,38,4098,
CausalForest_min5_trees2000,24.322,0.059,0.006,0.009,1,0.035,0.027,0.114,0.878,38,4098,
CausalForest_min5_trees4000,50.107,0.059,0.005,0.009,1,0.035,0.027,0.113,0.878,38,4098,
CausalForest_min10_trees500,8.276,0.057,0.004,0.009,1,0.029,0.023,0.1,0.889,38,4098,
CausalForest_min10_trees1000,12.054,0.058,0.005,0.009,1,0.028,0.022,0.096,0.875,38,4098,
CausalForest_min10_trees2000,22.072,0.059,0.006,0.009,1,0.029,0.023,0.093,0.867,38,4098,
CausalForest_min10_trees4000,44.176,0.059,0.005,0.009,1,0.029,0.023,0.094,0.879,38,4098,
CausalForest_min20_trees500,6.952,0.058,0.004,0.009,1,0.025,0.02,0.08,0.86,38,4098,
CausalForest_min20_trees1000,12.741,0.058,0.005,0.009,1,0.025,0.02,0.08,0.877,38,4098,
CausalForest_min20_trees2000,20.528,0.059,0.006,0.009,1,0.025,0.02,0.078,0.87,38,4098,
CausalForest_min20_trees4000,42.006,0.059,0.005,0.009,1,0.025,0.02,0.078,0.88,38,4098,
CausalForest_min40_trees500,7.11,0.058,0.004,0.009,1,0.022,0.018,0.064,0.821,38,4098,
CausalForest_min40_trees1000,11.041,0.058,0.005,0.009,1,0.022,0.017,0.067,0.858,38,4098,
CausalForest_min40_trees2000,18.491,0.059,0.006,0.009,1,0.022,0.018,0.066,0.857,38,4098,
CausalForest_min40_trees4000,37.056,0.059,0.005,0.009,1,0.022,0.018,0.066,0.857,38,4098,
CausalForest_min80_trees500,6.114,0.057,0.004,0.009,1,0.021,0.017,0.054,0.802,38,4098,
CausalForest_min80_trees1000,9.692,0.058,0.005,0.009,1,0.021,0.017,0.055,0.814,38,4098,
CausalForest_min80_trees2000,17.1,0.059,0.006,0.009,1,0.021,0.017,0.056,0.817,38,4098,
CausalForest_min80_trees4000,33.027,0.059,0.005,0.009,1,0.021,0.017,0.055,0.82,38,4098,
CausalForest_min5_trees500,9.125,0.059,0.005,0.009,1,0.038,0.03,0.14,0.9,13,4098,
CausalForest_min5_trees1000,12.373,0.058,0.005,0.009,1,0.038,0.029,0.131,0.879,13,4098,
CausalForest_min5_trees2000,25.578,0.059,0.005,0.009,1,0.038,0.029,0.126,0.88,13,4098,
CausalForest_min5_trees4000,50.847,0.059,0.005,0.009,1,0.037,0.029,0.122,0.869,13,4098,
CausalForest_min10_trees500,7.347,0.059,0.005,0.009,1,0.031,0.024,0.105,0.869,13,4098,
CausalForest_min10_trees1000,11.45,0.058,0.005,0.009,1,0.032,0.025,0.099,0.848,13,4098,
CausalForest_min10_trees2000,22.153,0.059,0.005,0.009,1,0.031,0.025,0.097,0.847,13,4098,
CausalForest_min10_trees4000,46.229,0.059,0.005,0.009,1,0.031,0.025,0.098,0.856,13,4098,
CausalForest_min20_trees500,8.016,0.059,0.005,0.009,1,0.027,0.022,0.082,0.846,13,4098,
CausalForest_min20_trees1000,10.871,0.058,0.005,0.009,1,0.028,0.022,0.083,0.845,13,4098,
CausalForest_min20_trees2000,20.672,0.059,0.005,0.009,1,0.028,0.022,0.081,0.841,13,4098,
CausalForest_min20_trees4000,41.773,0.059,0.005,0.009,1,0.027,0.022,0.083,0.858,13,4098,
CausalForest_min40_trees500,8.437,0.059,0.005,0.009,1,0.025,0.02,0.072,0.835,13,4098,
CausalForest_min40_trees1000,10.742,0.059,0.005,0.009,1,0.025,0.02,0.071,0.841,13,4098,
CausalForest_min40_trees2000,18.623,0.059,0.005,0.009,1,0.025,0.019,0.069,0.827,13,4098,
CausalForest_min40_trees4000,37.665,0.059,0.005,0.009,1,0.025,0.019,0.07,0.842,13,4098,
CausalForest_min80_trees500,7.729,0.059,0.005,0.009,1,0.023,0.018,0.062,0.824,13,4098,
CausalForest_min80_trees1000,9.911,0.059,0.005,0.009,1,0.023,0.018,0.064,0.83,13,4098,
CausalForest_min80_trees2000,17.708,0.059,0.005,0.009,1,0.023,0.018,0.06,0.808,13,4098,
CausalForest_min80_trees4000,33.846,0.059,0.005,0.009,1,0.023,0.018,0.061,0.818,13,4098,
CausalForest_min5_trees500,9.514,0.046,-0.008,0.009,1,0.04,0.031,0.139,0.903,39,4098,
CausalForest_min5_trees1000,12.801,0.047,-0.006,0.009,1,0.04,0.032,0.129,0.888,39,4098,
CausalForest_min5_trees2000,24.343,0.047,-0.006,0.009,1,0.04,0.032,0.123,0.863,39,4098,
CausalForest_min5_trees4000,50.71,0.048,-0.006,0.009,1,0.04,0.032,0.12,0.853,39,4098,
CausalForest_min10_trees500,8.376,0.046,-0.008,0.009,1,0.033,0.027,0.105,0.87,39,4098,
CausalForest_min10_trees1000,12.2,0.047,-0.006,0.009,1,0.034,0.027,0.094,0.814,39,4098,
CausalForest_min10_trees2000,22.85,0.048,-0.006,0.009,1,0.034,0.027,0.098,0.843,39,4098,
CausalForest_min10_trees4000,45.695,0.048,-0.006,0.009,1,0.034,0.027,0.094,0.824,39,4098,
CausalForest_min20_trees500,7.637,0.046,-0.008,0.009,1,0.03,0.024,0.081,0.797,39,4098,
CausalForest_min20_trees1000,11.02,0.047,-0.006,0.009,1,0.029,0.024,0.078,0.781,39,4098,
CausalForest_min20_trees2000,20.993,0.048,-0.006,0.009,1,0.029,0.024,0.079,0.804,39,4098,
CausalForest_min20_trees4000,42.77,0.048,-0.006,0.009,1,0.029,0.024,0.08,0.815,39,4098,
CausalForest_min40_trees500,6.918,0.046,-0.008,0.009,1,0.025,0.02,0.063,0.778,39,4098,
CausalForest_min40_trees1000,10.044,0.047,-0.006,0.009,1,0.025,0.02,0.06,0.768,39,4098,
CausalForest_min40_trees2000,19.649,0.048,-0.006,0.009,1,0.025,0.02,0.061,0.773,39,4098,
CausalForest_min40_trees4000,38.76,0.048,-0.006,0.009,1,0.025,0.02,0.066,0.806,39,4098,
CausalForest_min80_trees500,5.557,0.046,-0.008,0.009,1,0.023,0.017,0.049,0.737,39,4098,
CausalForest_min80_trees1000,8.713,0.047,-0.006,0.009,1,0.022,0.017,0.048,0.75,39,4098,
CausalForest_min80_trees2000,16.745,0.047,-0.006,0.009,1,0.022,0.017,0.048,0.749,39,4098,
CausalForest_min80_trees4000,34.896,0.048,-0.006,0.009,1,0.022,0.017,0.05,0.755,39,4098,
CausalForest_min5_trees500,9.428,0.048,-0.006,0.009,1,0.038,0.03,0.133,0.88,2,4098,
CausalForest_min5_trees1000,12.359,0.047,-0.006,0.009,1,0.038,0.03,0.121,0.855,2,4098,
CausalForest_min5_trees2000,24.959,0.047,-0.007,0.009,1,0.038,0.03,0.118,0.828,2,4098,
CausalForest_min5_trees4000,50.611,0.047,-0.007,0.009,1,0.038,0.03,0.118,0.828,2,4098,
CausalForest_min10_trees500,8.573,0.048,-0.006,0.009,1,0.032,0.025,0.099,0.843,2,4098,
CausalForest_min10_trees1000,11.809,0.047,-0.006,0.009,1,0.032,0.025,0.096,0.825,2,4098,
CausalForest_min10_trees2000,23.075,0.047,-0.007,0.009,1,0.033,0.026,0.095,0.814,2,4098,
CausalForest_min10_trees4000,46.032,0.047,-0.007,0.009,1,0.032,0.026,0.094,0.81,2,4098,
CausalForest_min20_trees500,8.438,0.048,-0.006,0.009,1,0.028,0.022,0.082,0.818,2,4098,
CausalForest_min20_trees1000,12.1,0.047,-0.006,0.009,1,0.028,0.022,0.077,0.793,2,4098,
CausalForest_min20_trees2000,21.272,0.047,-0.007,0.009,1,0.028,0.022,0.078,0.797,2,4098,
CausalForest_min20_trees4000,43.052,0.047,-0.007,0.009,1,0.028,0.022,0.079,0.813,2,4098,
CausalForest_min40_trees500,7.533,0.048,-0.006,0.009,1,0.025,0.019,0.063,0.778,2,4098,
CausalForest_min40_trees1000,10.987,0.047,-0.006,0.009,1,0.025,0.019,0.066,0.796,2,4098,
CausalForest_min40_trees2000,19.077,0.047,-0.007,0.009,1,0.025,0.019,0.066,0.801,2,4098,
CausalForest_min40_trees4000,39.534,0.047,-0.007,0.009,1,0.025,0.019,0.069,0.814,2,4098,
CausalForest_min80_trees500,6.492,0.048,-0.006,0.009,1,0.022,0.016,0.047,0.736,2,4098,
CausalForest_min80_trees1000,10.126,0.047,-0.006,0.009,1,0.023,0.017,0.054,0.776,2,4098,
CausalForest_min80_trees2000,17.716,0.047,-0.007,0.009,1,0.023,0.017,0.057,0.794,2,4098,
CausalForest_min80_trees4000,34.486,0.047,-0.007,0.009,1,0.023,0.017,0.057,0.793,2,4098,
CausalForest_min5_trees500,9.102,0.049,-0.004,0.009,1,0.037,0.028,0.129,0.905,12,4098,
CausalForest_min5_trees1000,13.244,0.05,-0.004,0.009,1,0.037,0.028,0.12,0.885,12,4098,
CausalForest_min5_trees2000,25.187,0.049,-0.005,0.009,1,0.036,0.028,0.117,0.887,12,4098,
CausalForest_min5_trees4000,50.486,0.049,-0.004,0.009,1,0.036,0.027,0.113,0.876,12,4098,
CausalForest_min10_trees500,7.736,0.049,-0.004,0.009,1,0.03,0.024,0.103,0.893,12,4098,
CausalForest_min10_trees1000,12.015,0.05,-0.004,0.009,1,0.031,0.024,0.095,0.869,12,4098,
CausalForest_min10_trees2000,22.967,0.049,-0.005,0.009,1,0.03,0.024,0.091,0.854,12,4098,
CausalForest_min10_trees4000,47.543,0.049,-0.004,0.009,1,0.03,0.024,0.091,0.866,12,4098,
CausalForest_min20_trees500,6.542,0.049,-0.004,0.009,1,0.026,0.021,0.078,0.837,12,4098,
CausalForest_min20_trees1000,11.026,0.05,-0.004,0.009,1,0.026,0.021,0.075,0.831,12,4098,
CausalForest_min20_trees2000,20.613,0.049,-0.005,0.009,1,0.026,0.021,0.073,0.831,12,4098,
CausalForest_min20_trees4000,42.124,0.049,-0.004,0.009,1,0.026,0.02,0.074,0.842,12,4098,
CausalForest_min40_trees500,5.926,0.049,-0.004,0.009,1,0.023,0.018,0.06,0.791,12,4098,
CausalForest_min40_trees1000,9.993,0.049,-0.004,0.009,1,0.023,0.018,0.061,0.804,12,4098,
CausalForest_min40_trees2000,18.92,0.049,-0.005,0.009,1,0.023,0.018,0.06,0.805,12,4098,
CausalForest_min40_trees4000,38.183,0.049,-0.005,0.009,1,0.023,0.018,0.061,0.817,12,4098,
CausalForest_min80_trees500,5.624,0.049,-0.005,0.009,1,0.021,0.017,0.047,0.742,12,4098,
CausalForest_min80_trees1000,9.41,0.049,-0.004,0.009,1,0.021,0.017,0.05,0.772,12,4098,
CausalForest_min80_trees2000,17.306,0.049,-0.005,0.009,1,0.021,0.017,0.051,0.781,12,4098,
CausalForest_min80_trees4000,32.917,0.049,-0.005,0.009,1,0.021,0.017,0.05,0.787,12,4098,
CausalForest_min5_trees500,7.366,0.055,0.001,0.009,1,0.032,0.024,0.136,0.946,26,4098,
CausalForest_min5_trees1000,12.422,0.055,0.002,0.009,1,0.032,0.024,0.123,0.928,26,4098,
CausalForest_min5_trees2000,24.311,0.056,0.003,0.009,1,0.032,0.024,0.118,0.911,26,4098,
CausalForest_min5_trees4000,51.943,0.057,0.003,0.009,1,0.032,0.024,0.114,0.91,26,4098,
CausalForest_min10_trees500,6.957,0.055,0.002,0.009,1,0.026,0.02,0.1,0.917,26,4098,
CausalForest_min10_trees1000,12.149,0.055,0.002,0.009,1,0.026,0.02,0.091,0.886,26,4098,
CausalForest_min10_trees2000,23.088,0.056,0.003,0.009,1,0.026,0.02,0.089,0.884,26,4098,
CausalForest_min10_trees4000,48.348,0.057,0.003,0.009,1,0.026,0.02,0.087,0.891,26,4098,
CausalForest_min20_trees500,6.703,0.055,0.001,0.009,1,0.023,0.018,0.078,0.878,26,4098,
CausalForest_min20_trees1000,10.795,0.055,0.002,0.009,1,0.023,0.018,0.075,0.877,26,4098,
CausalForest_min20_trees2000,23.418,0.056,0.003,0.009,1,0.023,0.018,0.073,0.865,26,4098,
CausalForest_min20_trees4000,43.958,0.057,0.003,0.009,1,0.023,0.018,0.072,0.874,26,4098,
CausalForest_min40_trees500,5.888,0.055,0.001,0.009,1,0.022,0.017,0.061,0.823,26,4098,
CausalForest_min40_trees1000,9.686,0.055,0.002,0.009,1,0.021,0.017,0.059,0.813,26,4098,
CausalForest_min40_trees2000,19.464,0.056,0.003,0.009,1,0.021,0.017,0.056,0.812,26,4098,
CausalForest_min40_trees4000,39.708,0.057,0.003,0.009,1,0.021,0.017,0.059,0.838,26,4098,
CausalForest_min80_trees500,5.721,0.055,0.001,0.009,1,0.02,0.016,0.044,0.73,26,4098,
CausalForest_min80_trees1000,8.587,0.055,0.002,0.009,1,0.021,0.016,0.046,0.739,26,4098,
CausalForest_min80_trees2000,17.44,0.056,0.003,0.009,1,0.021,0.016,0.043,0.712,26,4098,
CausalForest_min80_trees4000,35.625,0.057,0.003,0.009,1,0.021,0.016,0.047,0.755,26,4098,
CausalForest_min5_trees500,7.227,0.045,-0.009,0.009,1,0.037,0.029,0.136,0.905,42,4098,
CausalForest_min5_trees1000,12.273,0.045,-0.009,0.009,1,0.037,0.028,0.127,0.886,42,4098,
CausalForest_min5_trees2000,24.388,0.044,-0.009,0.009,1,0.037,0.029,0.121,0.882,42,4098,
CausalForest_min5_trees4000,49.663,0.045,-0.009,0.009,1,0.037,0.029,0.117,0.862,42,4098,
CausalForest_min10_trees500,6.912,0.045,-0.009,0.009,1,0.031,0.024,0.105,0.874,42,4098,
CausalForest_min10_trees1000,11.343,0.045,-0.009,0.009,1,0.03,0.024,0.103,0.872,42,4098,
CausalForest_min10_trees2000,22.202,0.044,-0.01,0.009,1,0.031,0.025,0.096,0.846,42,4098,
CausalForest_min10_trees4000,46.084,0.045,-0.009,0.009,1,0.031,0.024,0.096,0.854,42,4098,
CausalForest_min20_trees500,5.924,0.045,-0.009,0.009,1,0.026,0.021,0.08,0.826,42,4098,
CausalForest_min20_trees1000,10.665,0.045,-0.009,0.009,1,0.026,0.02,0.078,0.834,42,4098,
CausalForest_min20_trees2000,20.362,0.044,-0.01,0.009,1,0.027,0.021,0.084,0.85,42,4098,
CausalForest_min20_trees4000,41.805,0.045,-0.009,0.009,1,0.027,0.021,0.082,0.854,42,4098,
CausalForest_min40_trees500,5.164,0.044,-0.009,0.009,1,0.023,0.017,0.067,0.835,42,4098,
CausalForest_min40_trees1000,9.847,0.045,-0.009,0.009,1,0.022,0.017,0.067,0.835,42,4098,
CausalForest_min40_trees2000,18.427,0.044,-0.01,0.009,1,0.023,0.018,0.068,0.84,42,4098,
CausalForest_min40_trees4000,35.768,0.045,-0.009,0.009,1,0.023,0.018,0.071,0.85,42,4098,
CausalForest_min80_trees500,4.497,0.044,-0.009,0.009,1,0.022,0.016,0.06,0.836,42,4098,
CausalForest_min80_trees1000,8.805,0.045,-0.009,0.009,1,0.021,0.016,0.059,0.826,42,4098,
CausalForest_min80_trees2000,16.089,0.044,-0.01,0.009,1,0.022,0.016,0.058,0.82,42,4098,
CausalForest_min80_trees4000,31.696,0.044,-0.009,0.009,1,0.022,0.016,0.059,0.829,42,4098,
CausalForest_min5_trees500,6.165,0.048,-0.006,0.009,1,0.032,0.025,0.134,0.939,48,4098,
CausalForest_min5_trees1000,12.355,0.047,-0.006,0.009,1,0.032,0.024,0.122,0.917,48,4098,
CausalForest_min5_trees2000,23.13,0.048,-0.006,0.009,1,0.031,0.024,0.118,0.921,48,4098,
CausalForest_min5_trees4000,46.506,0.048,-0.006,0.009,1,0.031,0.024,0.113,0.914,48,4098,
CausalForest_min10_trees500,6.036,0.048,-0.006,0.009,1,0.026,0.02,0.101,0.915,48,4098,
CausalForest_min10_trees1000,10.923,0.047,-0.006,0.009,1,0.026,0.02,0.094,0.897,48,4098,
CausalForest_min10_trees2000,21.517,0.048,-0.006,0.009,1,0.026,0.02,0.093,0.901,48,4098,
CausalForest_min10_trees4000,43.052,0.048,-0.006,0.009,1,0.026,0.02,0.09,0.902,48,4098,
CausalForest_min20_trees500,5.86,0.048,-0.006,0.009,1,0.023,0.018,0.086,0.903,48,4098,
CausalForest_min20_trees1000,10.031,0.047,-0.006,0.009,1,0.023,0.018,0.078,0.879,48,4098,
CausalForest_min20_trees2000,19.408,0.048,-0.006,0.009,1,0.023,0.018,0.076,0.878,48,4098,
CausalForest_min20_trees4000,39.302,0.048,-0.006,0.009,1,0.023,0.018,0.074,0.879,48,4098,
CausalForest_min40_trees500,5.261,0.048,-0.006,0.009,1,0.021,0.016,0.062,0.833,48,4098,
CausalForest_min40_trees1000,9.105,0.047,-0.006,0.009,1,0.021,0.016,0.061,0.83,48,4098,
CausalForest_min40_trees2000,17.75,0.048,-0.006,0.009,1,0.021,0.016,0.064,0.863,48,4098,
CausalForest_min40_trees4000,35.835,0.048,-0.006,0.009,1,0.021,0.016,0.063,0.862,48,4098,
CausalForest_min80_trees500,4.619,0.048,-0.006,0.009,1,0.02,0.015,0.054,0.826,48,4098,
CausalForest_min80_trees1000,8.32,0.047,-0.007,0.009,1,0.02,0.015,0.053,0.819,48,4098,
CausalForest_min80_trees2000,15.932,0.048,-0.006,0.009,1,0.02,0.015,0.054,0.829,48,4098,
CausalForest_min80_trees4000,32.273,0.048,-0.006,0.009,1,0.02,0.015,0.053,0.832,48,4098,
CausalForest_min5_trees500,9.349,0.052,-0.002,0.009,1,0.032,0.025,0.134,0.924,22,4098,
CausalForest_min5_trees1000,12.704,0.052,-0.001,0.009,1,0.031,0.025,0.121,0.908,22,4098,
CausalForest_min5_trees2000,25.748,0.053,-0.001,0.009,1,0.031,0.025,0.114,0.888,22,4098,
CausalForest_min5_trees4000,51.185,0.052,-0.001,0.009,1,0.031,0.025,0.112,0.886,22,4098,
CausalForest_min10_trees500,7.436,0.052,-0.002,0.009,1,0.027,0.021,0.099,0.889,22,4098,
CausalForest_min10_trees1000,11.635,0.052,-0.001,0.009,1,0.027,0.021,0.091,0.865,22,4098,
CausalForest_min10_trees2000,23.628,0.053,-0.001,0.009,1,0.027,0.021,0.088,0.864,22,4098,
CausalForest_min10_trees4000,46.605,0.052,-0.002,0.009,1,0.027,0.021,0.084,0.857,22,4098,
CausalForest_min20_trees500,7.555,0.051,-0.002,0.009,1,0.024,0.019,0.077,0.849,22,4098,
CausalForest_min20_trees1000,11.245,0.052,-0.002,0.009,1,0.024,0.019,0.072,0.834,22,4098,
CausalForest_min20_trees2000,21.783,0.053,-0.001,0.009,1,0.024,0.019,0.07,0.84,22,4098,
CausalForest_min20_trees4000,44.163,0.052,-0.002,0.009,1,0.024,0.019,0.071,0.847,22,4098,
CausalForest_min40_trees500,6.414,0.051,-0.002,0.009,1,0.023,0.018,0.056,0.78,22,4098,
CausalForest_min40_trees1000,10.182,0.052,-0.002,0.009,1,0.023,0.018,0.056,0.787,22,4098,
CausalForest_min40_trees2000,18.595,0.053,-0.001,0.009,1,0.023,0.018,0.057,0.792,22,4098,
CausalForest_min40_trees4000,39.2,0.052,-0.002,0.009,1,0.023,0.018,0.059,0.821,22,4098,
CausalForest_min80_trees500,6.987,0.051,-0.002,0.009,1,0.022,0.017,0.047,0.742,22,4098,
CausalForest_min80_trees1000,9.383,0.052,-0.002,0.009,1,0.022,0.017,0.051,0.773,22,4098,
CausalForest_min80_trees2000,18.458,0.053,-0.001,0.009,1,0.022,0.017,0.048,0.76,22,4098,
CausalForest_min80_trees4000,35.466,0.052,-0.002,0.009,1,0.022,0.017,0.05,0.777,22,4098,
CausalForest_min5_trees500,7.733,0.054,-0.0,0.009,1,0.039,0.029,0.143,0.917,36,4098,
CausalForest_min5_trees1000,12.363,0.054,0.001,0.009,1,0.038,0.028,0.134,0.913,36,4098,
CausalForest_min5_trees2000,24.692,0.055,0.001,0.009,1,0.037,0.028,0.122,0.888,36,4098,
CausalForest_min5_trees4000,49.133,0.056,0.002,0.009,1,0.038,0.029,0.12,0.885,36,4098,
CausalForest_min10_trees500,6.687,0.054,-0.0,0.009,1,0.031,0.024,0.105,0.87,36,4098,
CausalForest_min10_trees1000,11.708,0.054,0.001,0.009,1,0.03,0.023,0.098,0.869,36,4098,
CausalForest_min10_trees2000,22.599,0.055,0.001,0.009,1,0.03,0.023,0.092,0.848,36,4098,
CausalForest_min10_trees4000,45.695,0.056,0.002,0.009,1,0.031,0.024,0.094,0.862,36,4098,
CausalForest_min20_trees500,7.711,0.054,-0.0,0.009,1,0.026,0.02,0.087,0.886,36,4098,
CausalForest_min20_trees1000,11.235,0.054,0.001,0.009,1,0.025,0.02,0.079,0.85,36,4098,
CausalForest_min20_trees2000,21.354,0.055,0.001,0.009,1,0.026,0.02,0.076,0.838,36,4098,
CausalForest_min20_trees4000,42.781,0.056,0.002,0.009,1,0.026,0.02,0.077,0.841,36,4098,
CausalForest_min40_trees500,6.3,0.054,-0.0,0.009,1,0.022,0.017,0.066,0.831,36,4098,
CausalForest_min40_trees1000,10.38,0.054,0.001,0.009,1,0.022,0.017,0.064,0.825,36,4098,
CausalForest_min40_trees2000,18.319,0.055,0.001,0.009,1,0.022,0.017,0.064,0.831,36,4098,
CausalForest_min40_trees4000,38.654,0.056,0.002,0.009,1,0.022,0.017,0.065,0.833,36,4098,
CausalForest_min80_trees500,5.739,0.054,-0.0,0.009,1,0.021,0.016,0.054,0.797,36,4098,
CausalForest_min80_trees1000,8.815,0.054,0.0,0.009,1,0.021,0.016,0.054,0.81,36,4098,
CausalForest_min80_trees2000,16.264,0.055,0.001,0.009,1,0.021,0.016,0.056,0.823,36,4098,
CausalForest_min80_trees4000,33.123,0.055,0.002,0.009,1,0.021,0.016,0.054,0.813,36,4098,
CausalForest_min5_trees500,7.656,0.053,-0.001,0.009,1,0.033,0.025,0.139,0.928,43,4098,
CausalForest_min5_trees1000,12.372,0.053,-0.001,0.009,1,0.032,0.025,0.128,0.909,43,4098,
CausalForest_min5_trees2000,23.615,0.054,-0.0,0.009,1,0.032,0.025,0.117,0.9,43,4098,
CausalForest_min5_trees4000,49.12,0.054,-0.0,0.009,1,0.032,0.025,0.114,0.891,43,4098,
CausalForest_min10_trees500,6.166,0.053,-0.001,0.009,1,0.026,0.02,0.101,0.905,43,4098,
CausalForest_min10_trees1000,11.036,0.053,-0.001,0.009,1,0.026,0.02,0.095,0.884,43,4098,
CausalForest_min10_trees2000,21.834,0.054,-0.0,0.009,1,0.025,0.02,0.095,0.89,43,4098,
CausalForest_min10_trees4000,44.239,0.054,-0.0,0.009,1,0.025,0.02,0.092,0.885,43,4098,
CausalForest_min20_trees500,5.74,0.053,-0.001,0.009,1,0.022,0.017,0.081,0.89,43,4098,
CausalForest_min20_trees1000,10.242,0.053,-0.001,0.009,1,0.022,0.017,0.077,0.88,43,4098,
CausalForest_min20_trees2000,19.551,0.054,-0.0,0.009,1,0.022,0.017,0.076,0.882,43,4098,
CausalForest_min20_trees4000,39.116,0.053,-0.0,0.009,1,0.022,0.017,0.073,0.862,43,4098,
CausalForest_min40_trees500,5.67,0.053,-0.001,0.009,1,0.02,0.015,0.07,0.885,43,4098,
CausalForest_min40_trees1000,9.296,0.053,-0.001,0.009,1,0.021,0.016,0.069,0.879,43,4098,
CausalForest_min40_trees2000,17.783,0.054,-0.0,0.009,1,0.021,0.016,0.066,0.871,43,4098,
CausalForest_min40_trees4000,35.384,0.053,-0.0,0.009,1,0.021,0.016,0.065,0.863,43,4098,
CausalForest_min80_trees500,5.09,0.053,-0.001,0.009,1,0.02,0.015,0.056,0.836,43,4098,
CausalForest_min80_trees1000,8.384,0.053,-0.001,0.009,1,0.02,0.016,0.052,0.816,43,4098,
CausalForest_min80_trees2000,15.888,0.054,-0.0,0.009,1,0.02,0.016,0.053,0.821,43,4098,
CausalForest_min80_trees4000,32.64,0.053,-0.0,0.009,1,0.02,0.015,0.052,0.812,43,4098,
CausalForest_min5_trees500,9.171,0.054,0.0,0.009,1,0.039,0.027,0.135,0.913,27,4098,
CausalForest_min5_trees1000,12.724,0.052,-0.002,0.009,1,0.04,0.028,0.124,0.878,27,4098,
CausalForest_min5_trees2000,26.344,0.052,-0.002,0.009,1,0.04,0.028,0.117,0.861,27,4098,
CausalForest_min5_trees4000,52.797,0.052,-0.001,0.009,1,0.04,0.028,0.113,0.853,27,4098,
CausalForest_min10_trees500,6.588,0.054,0.0,0.009,1,0.032,0.023,0.1,0.873,27,4098,
CausalForest_min10_trees1000,12.27,0.052,-0.001,0.009,1,0.033,0.023,0.095,0.854,27,4098,
CausalForest_min10_trees2000,24.008,0.052,-0.001,0.009,1,0.032,0.023,0.091,0.839,27,4098,
CausalForest_min10_trees4000,49.509,0.052,-0.001,0.009,1,0.032,0.023,0.09,0.838,27,4098,
CausalForest_min20_trees500,6.433,0.054,0.001,0.009,1,0.028,0.02,0.078,0.847,27,4098,
CausalForest_min20_trees1000,11.997,0.052,-0.001,0.009,1,0.027,0.02,0.072,0.808,27,4098,
CausalForest_min20_trees2000,22.302,0.052,-0.001,0.009,1,0.027,0.02,0.072,0.806,27,4098,
CausalForest_min20_trees4000,45.661,0.052,-0.001,0.009,1,0.027,0.02,0.071,0.804,27,4098,
CausalForest_min40_trees500,5.872,0.054,0.001,0.009,1,0.024,0.018,0.059,0.788,27,4098,
CausalForest_min40_trees1000,10.631,0.052,-0.001,0.009,1,0.024,0.018,0.059,0.792,27,4098,
CausalForest_min40_trees2000,20.178,0.052,-0.001,0.009,1,0.024,0.018,0.061,0.808,27,4098,
CausalForest_min40_trees4000,40.675,0.052,-0.001,0.009,1,0.024,0.018,0.061,0.812,27,4098,
CausalForest_min80_trees500,5.706,0.054,0.001,0.009,1,0.022,0.017,0.054,0.791,27,4098,
CausalForest_min80_trees1000,9.056,0.052,-0.001,0.009,1,0.022,0.017,0.049,0.757,27,4098,
CausalForest_min80_trees2000,19.001,0.052,-0.001,0.009,1,0.022,0.017,0.049,0.758,27,4098,
CausalForest_min80_trees4000,36.493,0.052,-0.001,0.009,1,0.022,0.017,0.051,0.784,27,4098,
CausalForest_min5_trees500,9.536,0.042,-0.011,0.009,1,0.04,0.031,0.14,0.892,15,4098,
CausalForest_min5_trees1000,12.505,0.043,-0.011,0.009,1,0.04,0.031,0.13,0.867,15,4098,
CausalForest_min5_trees2000,25.16,0.044,-0.01,0.009,1,0.039,0.03,0.12,0.849,15,4098,
CausalForest_min5_trees4000,54.064,0.043,-0.01,0.009,1,0.039,0.03,0.117,0.837,15,4098,
CausalForest_min10_trees500,6.859,0.042,-0.011,0.009,1,0.033,0.026,0.106,0.855,15,4098,
CausalForest_min10_trees1000,12.256,0.042,-0.011,0.009,1,0.033,0.026,0.099,0.83,15,4098,
CausalForest_min10_trees2000,23.752,0.043,-0.01,0.009,1,0.033,0.026,0.097,0.825,15,4098,
CausalForest_min10_trees4000,48.855,0.043,-0.01,0.009,1,0.033,0.026,0.097,0.828,15,4098,
CausalForest_min20_trees500,6.521,0.042,-0.011,0.009,1,0.03,0.023,0.087,0.827,15,4098,
CausalForest_min20_trees1000,11.46,0.042,-0.011,0.009,1,0.03,0.024,0.084,0.805,15,4098,
CausalForest_min20_trees2000,21.553,0.043,-0.01,0.009,1,0.03,0.023,0.081,0.802,15,4098,
CausalForest_min20_trees4000,44.754,0.043,-0.01,0.009,1,0.029,0.023,0.082,0.815,15,4098,
CausalForest_min40_trees500,6.595,0.042,-0.012,0.009,1,0.027,0.021,0.069,0.776,15,4098,
CausalForest_min40_trees1000,10.474,0.042,-0.011,0.009,1,0.027,0.021,0.074,0.801,15,4098,
CausalForest_min40_trees2000,20.551,0.043,-0.01,0.009,1,0.026,0.02,0.071,0.802,15,4098,
CausalForest_min40_trees4000,40.489,0.043,-0.01,0.009,1,0.026,0.02,0.073,0.818,15,4098,
CausalForest_min80_trees500,6.051,0.042,-0.012,0.009,1,0.024,0.018,0.065,0.795,15,4098,
CausalForest_min80_trees1000,9.031,0.042,-0.011,0.009,1,0.025,0.019,0.065,0.796,15,4098,
CausalForest_min80_trees2000,19.294,0.043,-0.011,0.009,1,0.024,0.018,0.065,0.801,15,4098,
CausalForest_min80_trees4000,35.992,0.043,-0.011,0.009,1,0.024,0.018,0.065,0.806,15,4098,
CausalForest_min5_trees500,7.499,0.065,0.011,0.009,1,0.034,0.027,0.132,0.921,25,4098,
CausalForest_min5_trees1000,12.563,0.066,0.012,0.009,1,0.034,0.027,0.119,0.892,25,4098,
CausalForest_min5_trees2000,25.04,0.066,0.012,0.009,1,0.034,0.027,0.113,0.879,25,4098,
CausalForest_min5_trees4000,50.714,0.067,0.013,0.009,1,0.034,0.027,0.108,0.851,25,4098,
CausalForest_min10_trees500,6.232,0.065,0.012,0.009,1,0.029,0.023,0.098,0.87,25,4098,
CausalForest_min10_trees1000,11.932,0.066,0.012,0.009,1,0.03,0.024,0.086,0.818,25,4098,
CausalForest_min10_trees2000,22.94,0.066,0.013,0.009,1,0.029,0.024,0.084,0.806,25,4098,
CausalForest_min10_trees4000,46.674,0.067,0.013,0.009,1,0.029,0.024,0.083,0.816,25,4098,
CausalForest_min20_trees500,5.663,0.065,0.012,0.009,1,0.027,0.022,0.076,0.803,25,4098,
CausalForest_min20_trees1000,10.991,0.066,0.012,0.009,1,0.027,0.022,0.07,0.77,25,4098,
CausalForest_min20_trees2000,21.583,0.066,0.013,0.009,1,0.027,0.022,0.065,0.756,25,4098,
CausalForest_min20_trees4000,42.341,0.067,0.013,0.009,1,0.027,0.022,0.067,0.768,25,4098,
CausalForest_min40_trees500,5.146,0.066,0.012,0.009,1,0.025,0.021,0.058,0.738,25,4098,
CausalForest_min40_trees1000,10.42,0.066,0.012,0.009,1,0.025,0.021,0.056,0.724,25,4098,
CausalForest_min40_trees2000,19.322,0.066,0.013,0.009,1,0.025,0.021,0.053,0.683,25,4098,
CausalForest_min40_trees4000,38.654,0.067,0.013,0.009,1,0.025,0.021,0.056,0.729,25,4098,
CausalForest_min80_trees500,4.968,0.066,0.012,0.009,1,0.024,0.021,0.049,0.638,25,4098,
CausalForest_min80_trees1000,9.229,0.066,0.012,0.009,1,0.024,0.021,0.046,0.611,25,4098,
CausalForest_min80_trees2000,17.942,0.066,0.013,0.009,1,0.025,0.021,0.048,0.624,25,4098,
CausalForest_min80_trees4000,34.859,0.067,0.013,0.009,1,0.025,0.021,0.048,0.64,25,4098,
CausalForest_min5_trees500,6.618,0.041,-0.013,0.009,1,0.035,0.027,0.132,0.911,31,4098,
CausalForest_min5_trees1000,12.6,0.041,-0.012,0.009,1,0.035,0.027,0.123,0.876,31,4098,
CausalForest_min5_trees2000,25.411,0.042,-0.012,0.009,1,0.035,0.027,0.116,0.873,31,4098,
CausalForest_min5_trees4000,52.851,0.042,-0.012,0.009,1,0.035,0.027,0.113,0.871,31,4098,
CausalForest_min10_trees500,6.081,0.041,-0.013,0.009,1,0.029,0.024,0.102,0.862,31,4098,
CausalForest_min10_trees1000,12.033,0.041,-0.012,0.009,1,0.03,0.024,0.095,0.845,31,4098,
CausalForest_min10_trees2000,23.617,0.042,-0.012,0.009,1,0.029,0.023,0.087,0.821,31,4098,
CausalForest_min10_trees4000,47.487,0.042,-0.012,0.009,1,0.029,0.023,0.089,0.837,31,4098,
CausalForest_min20_trees500,5.839,0.041,-0.013,0.009,1,0.027,0.021,0.081,0.839,31,4098,
CausalForest_min20_trees1000,11.365,0.041,-0.013,0.009,1,0.027,0.022,0.078,0.8,31,4098,
CausalForest_min20_trees2000,21.911,0.042,-0.012,0.009,1,0.027,0.021,0.076,0.802,31,4098,
CausalForest_min20_trees4000,43.722,0.042,-0.012,0.009,1,0.027,0.021,0.075,0.81,31,4098,
CausalForest_min40_trees500,5.201,0.041,-0.013,0.009,1,0.025,0.019,0.069,0.817,31,4098,
CausalForest_min40_trees1000,9.507,0.041,-0.013,0.009,1,0.025,0.019,0.067,0.795,31,4098,
CausalForest_min40_trees2000,19.947,0.042,-0.012,0.009,1,0.025,0.019,0.065,0.793,31,4098,
CausalForest_min40_trees4000,39.859,0.042,-0.012,0.009,1,0.024,0.019,0.064,0.791,31,4098,
CausalForest_min80_trees500,4.861,0.041,-0.013,0.009,1,0.024,0.019,0.051,0.728,31,4098,
CausalForest_min80_trees1000,8.398,0.041,-0.013,0.009,1,0.024,0.019,0.056,0.756,31,4098,
CausalForest_min80_trees2000,17.937,0.041,-0.012,0.009,1,0.024,0.018,0.053,0.75,31,4098,
CausalForest_min80_trees4000,37.158,0.042,-0.012,0.009,1,0.024,0.018,0.053,0.758,31,4098,
CausalForest_min5_trees500,6.714,0.07,0.016,0.009,1,0.036,0.028,0.135,0.906,34,4098,
CausalForest_min5_trees1000,12.693,0.071,0.017,0.009,1,0.036,0.028,0.125,0.901,34,4098,
CausalForest_min5_trees2000,24.918,0.071,0.017,0.009,1,0.037,0.029,0.117,0.881,34,4098,
CausalForest_min5_trees4000,51.172,0.071,0.017,0.009,1,0.036,0.028,0.112,0.861,34,4098,
CausalForest_min10_trees500,6.067,0.07,0.016,0.009,1,0.031,0.025,0.098,0.877,34,4098,
CausalForest_min10_trees1000,11.905,0.071,0.017,0.009,1,0.031,0.025,0.091,0.846,34,4098,
CausalForest_min10_trees2000,22.753,0.071,0.017,0.009,1,0.032,0.026,0.088,0.83,34,4098,
CausalForest_min10_trees4000,46.149,0.071,0.017,0.009,1,0.031,0.025,0.09,0.857,34,4098,
CausalForest_min20_trees500,5.552,0.07,0.016,0.009,1,0.028,0.023,0.077,0.833,34,4098,
CausalForest_min20_trees1000,10.538,0.071,0.017,0.009,1,0.028,0.024,0.07,0.768,34,4098,
CausalForest_min20_trees2000,21.276,0.071,0.017,0.009,1,0.029,0.024,0.073,0.799,34,4098,
CausalForest_min20_trees4000,42.849,0.071,0.017,0.009,1,0.029,0.024,0.072,0.801,34,4098,
CausalForest_min40_trees500,5.071,0.07,0.016,0.009,1,0.026,0.022,0.066,0.748,34,4098,
CausalForest_min40_trees1000,9.605,0.071,0.017,0.009,1,0.027,0.023,0.064,0.74,34,4098,
CausalForest_min40_trees2000,18.83,0.071,0.017,0.009,1,0.027,0.023,0.064,0.732,34,4098,
CausalForest_min40_trees4000,36.135,0.071,0.017,0.009,1,0.028,0.023,0.065,0.755,34,4098,
CausalForest_min80_trees500,4.505,0.07,0.016,0.009,1,0.026,0.022,0.057,0.676,34,4098,
CausalForest_min80_trees1000,8.32,0.071,0.017,0.009,1,0.026,0.022,0.055,0.646,34,4098,
CausalForest_min80_trees2000,16.328,0.071,0.017,0.009,1,0.027,0.023,0.053,0.601,34,4098,
CausalForest_min80_trees4000,32.251,0.071,0.017,0.009,1,0.027,0.023,0.053,0.613,34,4098,
CausalForest_min5_trees500,9.534,0.053,-0.001,0.009,1,0.038,0.029,0.136,0.9,0,4098,
CausalForest_min5_trees1000,12.596,0.053,-0.001,0.009,1,0.038,0.028,0.128,0.89,0,4098,
CausalForest_min5_trees2000,26.287,0.053,-0.0,0.009,1,0.037,0.028,0.12,0.872,0,4098,
CausalForest_min5_trees4000,53.064,0.053,-0.0,0.009,1,0.038,0.028,0.114,0.852,0,4098,
CausalForest_min10_trees500,6.699,0.053,-0.001,0.009,1,0.032,0.024,0.102,0.856,0,4098,
CausalForest_min10_trees1000,12.319,0.053,-0.001,0.009,1,0.032,0.024,0.1,0.863,0,4098,
CausalForest_min10_trees2000,23.694,0.053,-0.0,0.009,1,0.031,0.024,0.093,0.843,0,4098,
CausalForest_min10_trees4000,47.784,0.053,-0.0,0.009,1,0.031,0.024,0.092,0.834,0,4098,
CausalForest_min20_trees500,6.033,0.053,-0.001,0.009,1,0.027,0.02,0.081,0.84,0,4098,
CausalForest_min20_trees1000,11.505,0.053,-0.001,0.009,1,0.026,0.02,0.078,0.827,0,4098,
CausalForest_min20_trees2000,21.563,0.053,-0.001,0.009,1,0.026,0.02,0.075,0.826,0,4098,
CausalForest_min20_trees4000,44.737,0.053,-0.0,0.009,1,0.026,0.02,0.075,0.812,0,4098,
CausalForest_min40_trees500,5.806,0.053,-0.001,0.009,1,0.023,0.017,0.065,0.812,0,4098,
CausalForest_min40_trees1000,10.269,0.053,-0.001,0.009,1,0.022,0.017,0.061,0.797,0,4098,
CausalForest_min40_trees2000,19.264,0.053,-0.001,0.009,1,0.022,0.017,0.059,0.787,0,4098,
CausalForest_min40_trees4000,40.745,0.053,-0.0,0.009,1,0.023,0.017,0.061,0.802,0,4098,
CausalForest_min80_trees500,4.984,0.053,-0.001,0.009,1,0.021,0.016,0.059,0.804,0,4098,
CausalForest_min80_trees1000,9.298,0.053,-0.001,0.009,1,0.021,0.016,0.056,0.809,0,4098,
CausalForest_min80_trees2000,18.227,0.053,-0.001,0.009,1,0.021,0.016,0.055,0.805,0,4098,
CausalForest_min80_trees4000,35.244,0.053,-0.0,0.009,1,0.021,0.016,0.053,0.803,0,4098,
CausalForest_min5_trees500,7.421,0.062,0.008,0.009,1,0.037,0.028,0.13,0.895,1,4098,
CausalForest_min5_trees1000,12.343,0.062,0.008,0.008,1,0.036,0.027,0.118,0.883,1,4098,
CausalForest_min5_trees2000,24.72,0.061,0.007,0.008,1,0.036,0.027,0.114,0.865,1,4098,
CausalForest_min5_trees4000,51.257,0.06,0.007,0.008,1,0.036,0.027,0.114,0.874,1,4098,
CausalForest_min10_trees500,6.501,0.062,0.008,0.009,1,0.03,0.023,0.102,0.887,1,4098,
CausalForest_min10_trees1000,12.072,0.061,0.008,0.008,1,0.03,0.023,0.091,0.849,1,4098,
CausalForest_min10_trees2000,22.868,0.061,0.007,0.008,1,0.03,0.023,0.091,0.852,1,4098,
CausalForest_min10_trees4000,45.954,0.06,0.006,0.008,1,0.03,0.023,0.09,0.856,1,4098,
CausalForest_min20_trees500,6.183,0.062,0.008,0.009,1,0.026,0.02,0.077,0.837,1,4098,
CausalForest_min20_trees1000,11.387,0.061,0.008,0.008,1,0.026,0.02,0.078,0.847,1,4098,
CausalForest_min20_trees2000,20.934,0.061,0.007,0.008,1,0.026,0.02,0.076,0.84,1,4098,
CausalForest_min20_trees4000,42.92,0.06,0.006,0.008,1,0.026,0.02,0.075,0.849,1,4098,
CausalForest_min40_trees500,5.794,0.062,0.008,0.009,1,0.024,0.019,0.06,0.782,1,4098,
CausalForest_min40_trees1000,9.85,0.061,0.008,0.008,1,0.023,0.018,0.061,0.802,1,4098,
CausalForest_min40_trees2000,18.455,0.061,0.007,0.008,1,0.023,0.018,0.062,0.814,1,4098,
CausalForest_min40_trees4000,37.464,0.06,0.006,0.008,1,0.023,0.018,0.061,0.817,1,4098,
CausalForest_min80_trees500,5.544,0.062,0.008,0.009,1,0.022,0.018,0.048,0.714,1,4098,
CausalForest_min80_trees1000,9.124,0.061,0.008,0.008,1,0.022,0.018,0.048,0.737,1,4098,
CausalForest_min80_trees2000,16.679,0.061,0.007,0.008,1,0.022,0.017,0.05,0.766,1,4098,
CausalForest_min80_trees4000,33.658,0.06,0.006,0.008,1,0.021,0.017,0.052,0.787,1,4098,
CausalForest_min5_trees500,7.365,0.055,0.002,0.009,1,0.036,0.029,0.137,0.904,10,4098,
CausalForest_min5_trees1000,12.476,0.056,0.002,0.009,1,0.035,0.028,0.127,0.898,10,4098,
CausalForest_min5_trees2000,24.056,0.055,0.002,0.009,1,0.035,0.027,0.119,0.877,10,4098,
CausalForest_min5_trees4000,49.452,0.055,0.002,0.009,1,0.035,0.027,0.114,0.861,10,4098,
CausalForest_min10_trees500,6.218,0.055,0.002,0.009,1,0.03,0.024,0.103,0.873,10,4098,
CausalForest_min10_trees1000,11.115,0.056,0.002,0.009,1,0.03,0.023,0.096,0.87,10,4098,
CausalForest_min10_trees2000,22.014,0.055,0.002,0.009,1,0.03,0.023,0.091,0.849,10,4098,
CausalForest_min10_trees4000,43.992,0.055,0.002,0.009,1,0.03,0.023,0.09,0.847,10,4098,
CausalForest_min20_trees500,5.474,0.055,0.002,0.009,1,0.026,0.02,0.081,0.843,10,4098,
CausalForest_min20_trees1000,10.347,0.056,0.002,0.009,1,0.026,0.02,0.079,0.84,10,4098,
CausalForest_min20_trees2000,20.065,0.055,0.002,0.009,1,0.026,0.02,0.074,0.831,10,4098,
CausalForest_min20_trees4000,39.771,0.055,0.002,0.009,1,0.026,0.02,0.075,0.844,10,4098,
CausalForest_min40_trees500,5.128,0.055,0.002,0.009,1,0.023,0.018,0.068,0.835,10,4098,
CausalForest_min40_trees1000,9.548,0.056,0.002,0.009,1,0.024,0.018,0.063,0.805,10,4098,
CausalForest_min40_trees2000,17.684,0.055,0.002,0.009,1,0.024,0.018,0.065,0.823,10,4098,
CausalForest_min40_trees4000,36.396,0.055,0.002,0.009,1,0.024,0.018,0.066,0.833,10,4098,
CausalForest_min80_trees500,4.842,0.055,0.002,0.009,1,0.021,0.016,0.062,0.843,10,4098,
CausalForest_min80_trees1000,8.368,0.055,0.002,0.009,1,0.021,0.016,0.058,0.823,10,4098,
CausalForest_min80_trees2000,16.052,0.055,0.002,0.009,1,0.021,0.016,0.055,0.814,10,4098,
CausalForest_min80_trees4000,31.943,0.055,0.001,0.009,1,0.022,0.016,0.057,0.816,10,4098,
CausalForest_min5_trees500,6.641,0.055,0.001,0.009,1,0.03,0.024,0.135,0.942,37,4098,
CausalForest_min5_trees1000,11.814,0.056,0.002,0.009,1,0.03,0.024,0.12,0.922,37,4098,
CausalForest_min5_trees2000,23.836,0.055,0.001,0.009,1,0.029,0.024,0.113,0.904,37,4098,
CausalForest_min5_trees4000,47.93,0.055,0.002,0.009,1,0.03,0.024,0.111,0.909,37,4098,
CausalForest_min10_trees500,5.801,0.055,0.001,0.009,1,0.025,0.02,0.1,0.903,37,4098,
CausalForest_min10_trees1000,11.083,0.055,0.002,0.009,1,0.025,0.02,0.092,0.897,37,4098,
CausalForest_min10_trees2000,21.121,0.055,0.001,0.009,1,0.025,0.02,0.089,0.879,37,4098,
CausalForest_min10_trees4000,42.619,0.055,0.001,0.009,1,0.025,0.02,0.087,0.883,37,4098,
CausalForest_min20_trees500,5.507,0.055,0.001,0.009,1,0.023,0.018,0.072,0.848,37,4098,
CausalForest_min20_trees1000,10.133,0.055,0.002,0.009,1,0.022,0.018,0.067,0.831,37,4098,
CausalForest_min20_trees2000,19.144,0.055,0.001,0.009,1,0.022,0.018,0.071,0.859,37,4098,
CausalForest_min20_trees4000,38.675,0.055,0.001,0.009,1,0.022,0.018,0.069,0.856,37,4098,
CausalForest_min40_trees500,4.876,0.055,0.001,0.009,1,0.022,0.017,0.059,0.817,37,4098,
CausalForest_min40_trees1000,9.226,0.055,0.002,0.009,1,0.021,0.017,0.06,0.826,37,4098,
CausalForest_min40_trees2000,17.299,0.055,0.001,0.009,1,0.021,0.017,0.059,0.815,37,4098,
CausalForest_min40_trees4000,34.542,0.055,0.001,0.009,1,0.021,0.017,0.059,0.83,37,4098,
CausalForest_min80_trees500,4.58,0.055,0.001,0.009,1,0.021,0.017,0.049,0.752,37,4098,
CausalForest_min80_trees1000,8.52,0.055,0.002,0.009,1,0.021,0.017,0.051,0.786,37,4098,
CausalForest_min80_trees2000,16.013,0.055,0.001,0.009,1,0.021,0.017,0.05,0.778,37,4098,
CausalForest_min80_trees4000,31.54,0.055,0.001,0.009,1,0.021,0.017,0.051,0.802,37,4098,
CausalForest_min5_trees500,9.237,0.057,0.003,0.009,1,0.034,0.026,0.134,0.925,16,4098,
CausalForest_min5_trees1000,12.198,0.057,0.003,0.009,1,0.034,0.026,0.122,0.895,16,4098,
CausalForest_min5_trees2000,25.255,0.057,0.003,0.009,1,0.034,0.026,0.116,0.898,16,4098,
CausalForest_min5_trees4000,50.579,0.057,0.004,0.009,1,0.035,0.026,0.116,0.888,16,4098,
CausalForest_min10_trees500,8.454,0.057,0.003,0.009,1,0.027,0.021,0.099,0.891,16,4098,
CausalForest_min10_trees1000,12.243,0.057,0.003,0.009,1,0.028,0.022,0.097,0.877,16,4098,
CausalForest_min10_trees2000,23.23,0.057,0.003,0.009,1,0.028,0.022,0.092,0.868,16,4098,
CausalForest_min10_trees4000,47.746,0.057,0.004,0.009,1,0.028,0.022,0.091,0.87,16,4098,
CausalForest_min20_trees500,7.913,0.057,0.003,0.009,1,0.024,0.019,0.076,0.859,16,4098,
CausalForest_min20_trees1000,11.438,0.057,0.003,0.009,1,0.024,0.019,0.077,0.84,16,4098,
CausalForest_min20_trees2000,21.319,0.057,0.003,0.009,1,0.024,0.019,0.076,0.844,16,4098,
CausalForest_min20_trees4000,44.152,0.057,0.004,0.009,1,0.024,0.019,0.076,0.85,16,4098,
CausalForest_min40_trees500,7.469,0.057,0.003,0.009,1,0.022,0.017,0.06,0.812,16,4098,
CausalForest_min40_trees1000,10.829,0.057,0.003,0.009,1,0.022,0.017,0.061,0.806,16,4098,
CausalForest_min40_trees2000,19.029,0.057,0.003,0.009,1,0.022,0.017,0.063,0.835,16,4098,
CausalForest_min40_trees4000,40.643,0.057,0.004,0.009,1,0.022,0.017,0.064,0.845,16,4098,
CausalForest_min80_trees500,6.043,0.057,0.003,0.009,1,0.021,0.017,0.053,0.8,16,4098,
CausalForest_min80_trees1000,9.726,0.057,0.003,0.009,1,0.021,0.017,0.053,0.798,16,4098,
CausalForest_min80_trees2000,18.5,0.057,0.003,0.009,1,0.021,0.017,0.054,0.799,16,4098,
CausalForest_min80_trees4000,36.058,0.057,0.004,0.009,1,0.021,0.017,0.054,0.8,16,4098,
CausalForest_min5_trees500,7.999,0.065,0.011,0.009,1,0.036,0.027,0.132,0.924,18,4098,
CausalForest_min5_trees1000,12.678,0.065,0.011,0.009,1,0.036,0.027,0.12,0.907,18,4098,
CausalForest_min5_trees2000,25.359,0.066,0.012,0.009,1,0.036,0.027,0.114,0.885,18,4098,
CausalForest_min5_trees4000,50.293,0.066,0.012,0.009,1,0.037,0.027,0.111,0.875,18,4098,
CausalForest_min10_trees500,6.54,0.065,0.011,0.009,1,0.029,0.022,0.099,0.892,18,4098,
CausalForest_min10_trees1000,11.559,0.065,0.011,0.009,1,0.03,0.023,0.091,0.855,18,4098,
CausalForest_min10_trees2000,22.828,0.066,0.012,0.009,1,0.031,0.023,0.089,0.839,18,4098,
CausalForest_min10_trees4000,45.536,0.066,0.012,0.009,1,0.031,0.023,0.088,0.853,18,4098,
CausalForest_min20_trees500,6.341,0.065,0.011,0.009,1,0.027,0.021,0.074,0.807,18,4098,
CausalForest_min20_trees1000,11.106,0.065,0.011,0.009,1,0.026,0.021,0.071,0.8,18,4098,
CausalForest_min20_trees2000,20.646,0.066,0.012,0.009,1,0.027,0.021,0.069,0.786,18,4098,
CausalForest_min20_trees4000,42.407,0.066,0.012,0.009,1,0.027,0.021,0.072,0.81,18,4098,
CausalForest_min40_trees500,6.076,0.065,0.011,0.009,1,0.024,0.019,0.063,0.797,18,4098,
CausalForest_min40_trees1000,10.335,0.065,0.011,0.009,1,0.024,0.02,0.057,0.751,18,4098,
CausalForest_min40_trees2000,19.386,0.066,0.012,0.009,1,0.025,0.02,0.06,0.773,18,4098,
CausalForest_min40_trees4000,37.19,0.066,0.012,0.009,1,0.025,0.02,0.061,0.785,18,4098,
CausalForest_min80_trees500,5.516,0.065,0.011,0.009,1,0.023,0.019,0.051,0.72,18,4098,
CausalForest_min80_trees1000,9.44,0.065,0.011,0.009,1,0.023,0.019,0.049,0.692,18,4098,
CausalForest_min80_trees2000,17.413,0.066,0.012,0.009,1,0.023,0.02,0.05,0.697,18,4098,
CausalForest_min80_trees4000,33.904,0.066,0.012,0.009,1,0.024,0.02,0.05,0.697,18,4098,
CausalForest_min5_trees500,8.987,0.044,-0.01,0.009,1,0.035,0.027,0.135,0.915,21,4098,
CausalForest_min5_trees1000,12.361,0.044,-0.01,0.009,1,0.034,0.026,0.123,0.888,21,4098,
CausalForest_min5_trees2000,24.938,0.044,-0.01,0.009,1,0.034,0.026,0.116,0.876,21,4098,
CausalForest_min5_trees4000,50.6,0.044,-0.01,0.009,1,0.034,0.026,0.113,0.865,21,4098,
CausalForest_min10_trees500,7.959,0.044,-0.01,0.009,1,0.029,0.023,0.101,0.864,21,4098,
CausalForest_min10_trees1000,12.044,0.044,-0.01,0.009,1,0.028,0.022,0.093,0.844,21,4098,
CausalForest_min10_trees2000,23.008,0.044,-0.01,0.009,1,0.028,0.022,0.087,0.826,21,4098,
CausalForest_min10_trees4000,46.424,0.044,-0.01,0.009,1,0.028,0.022,0.09,0.845,21,4098,
CausalForest_min20_trees500,8.041,0.043,-0.01,0.009,1,0.026,0.02,0.078,0.834,21,4098,
CausalForest_min20_trees1000,11.01,0.044,-0.01,0.009,1,0.025,0.02,0.076,0.836,21,4098,
CausalForest_min20_trees2000,21.114,0.044,-0.01,0.009,1,0.025,0.019,0.076,0.842,21,4098,
CausalForest_min20_trees4000,41.792,0.044,-0.01,0.009,1,0.025,0.019,0.073,0.827,21,4098,
CausalForest_min40_trees500,7.666,0.043,-0.01,0.009,1,0.024,0.018,0.066,0.808,21,4098,
CausalForest_min40_trees1000,10.577,0.044,-0.01,0.009,1,0.024,0.018,0.061,0.792,21,4098,
CausalForest_min40_trees2000,19.034,0.044,-0.01,0.009,1,0.023,0.018,0.061,0.798,21,4098,
CausalForest_min40_trees4000,37.308,0.044,-0.01,0.009,1,0.023,0.018,0.061,0.808,21,4098,
CausalForest_min80_trees500,7.855,0.043,-0.01,0.009,1,0.023,0.017,0.048,0.711,21,4098,
CausalForest_min80_trees1000,9.516,0.044,-0.01,0.009,1,0.023,0.017,0.048,0.721,21,4098,
CausalForest_min80_trees2000,17.737,0.044,-0.01,0.009,1,0.023,0.017,0.05,0.751,21,4098,
CausalForest_min80_trees4000,33.862,0.044,-0.01,0.009,1,0.023,0.017,0.051,0.759,21,4098,
CausalForest_min5_trees500,8.931,0.047,-0.007,0.009,1,0.038,0.029,0.137,0.895,41,4098,
CausalForest_min5_trees1000,12.797,0.048,-0.006,0.009,1,0.037,0.028,0.129,0.891,41,4098,
CausalForest_min5_trees2000,24.032,0.049,-0.005,0.009,1,0.036,0.028,0.118,0.869,41,4098,
CausalForest_min5_trees4000,49.165,0.049,-0.005,0.009,1,0.036,0.028,0.116,0.871,41,4098,
CausalForest_min10_trees500,8.639,0.047,-0.007,0.009,1,0.03,0.024,0.102,0.873,41,4098,
CausalForest_min10_trees1000,11.61,0.048,-0.006,0.009,1,0.03,0.024,0.1,0.868,41,4098,
CausalForest_min10_trees2000,22.956,0.049,-0.005,0.009,1,0.03,0.023,0.096,0.857,41,4098,
CausalForest_min10_trees4000,46.053,0.049,-0.005,0.009,1,0.03,0.023,0.093,0.851,41,4098,
CausalForest_min20_trees500,7.789,0.047,-0.007,0.009,1,0.026,0.02,0.08,0.845,41,4098,
CausalForest_min20_trees1000,11.062,0.048,-0.006,0.009,1,0.026,0.02,0.082,0.852,41,4098,
CausalForest_min20_trees2000,20.862,0.049,-0.005,0.009,1,0.025,0.02,0.078,0.84,41,4098,
CausalForest_min20_trees4000,42.078,0.049,-0.005,0.009,1,0.025,0.02,0.078,0.857,41,4098,
CausalForest_min40_trees500,6.984,0.047,-0.007,0.009,1,0.023,0.018,0.069,0.84,41,4098,
CausalForest_min40_trees1000,10.407,0.048,-0.006,0.009,1,0.023,0.018,0.066,0.827,41,4098,
CausalForest_min40_trees2000,18.279,0.049,-0.005,0.009,1,0.023,0.018,0.065,0.831,41,4098,
CausalForest_min40_trees4000,36.953,0.049,-0.005,0.009,1,0.023,0.018,0.065,0.835,41,4098,
CausalForest_min80_trees500,6.554,0.047,-0.007,0.009,1,0.021,0.016,0.05,0.78,41,4098,
CausalForest_min80_trees1000,9.39,0.048,-0.006,0.009,1,0.022,0.016,0.051,0.783,41,4098,
CausalForest_min80_trees2000,16.548,0.049,-0.005,0.009,1,0.021,0.016,0.053,0.801,41,4098,
CausalForest_min80_trees4000,33.522,0.049,-0.005,0.009,1,0.021,0.016,0.053,0.802,41,4098,
